,N-term,N-term,N-term,N-term,N-term,N-term,N-term,N-term,N-term,N-term,N-term,N-term,N-term,N-term,N-term,N-term,N-term,N-term,N-term,N-term,N-term,N-term,N-term,N-term,N-term,N-term,N-term,N-term,N-term,N-term,N-term,N-term,N-term,N-term,N-term,N-term,N-term,N-term,N-term,N-term,N-term,N-term,N-term,N-term,N-term,N-term,N-term,N-term,N-term,N-term,N-term,N-term,N-term,N-term,N-term,N-term,N-term,N-term,N-term,N-term,N-term,N-term,N-term,N-term,N-term,N-term,N-term,N-term,N-term,N-term,N-term,N-term,N-term,N-term,N-term,N-term,N-term,N-term,N-term,N-term,N-term,N-term,N-term,N-term,N-term,N-term,N-term,N-term,N-term,N-term,N-term,N-term,N-term,N-term,N-term,N-term,N-term,N-term,N-term,N-term,N-term,N-term,N-term,N-term,N-term,N-term,N-term,N-term,N-term,N-term,N-term,TM1,TM1,TM1,TM1,TM1,TM1,TM1,TM1,TM1,TM1,TM1,TM1,TM1,TM1,TM1,TM1,TM1,TM1,TM1,TM1,TM1,TM1,TM1,TM1,TM1,TM1,TM1,TM1,TM1,TM1,TM1,TM1,TM1,TM1,TM1,TM1,TM1,TM1,TM1,TM1,TM1,TM1,TM1,TM1,ICL1,ICL1,ICL1,ICL1,ICL1,ICL1,ICL1,ICL1,ICL1,ICL1,TM2,TM2,TM2,TM2,TM2,TM2,TM2,TM2,TM2,TM2,TM2,TM2,TM2,TM2,TM2,TM2,TM2,TM2,TM2,TM2,TM2,TM2,TM2,TM2,TM2,TM2,TM2,TM2,TM2,TM2,TM2,TM2,TM2,TM2,TM2,TM2,TM2,ECL1,ECL1,ECL1,ECL1,ECL1,ECL1,ECL1,ECL1,ECL1,ECL1,ECL1,ECL1,TM3,TM3,TM3,TM3,TM3,TM3,TM3,TM3,TM3,TM3,TM3,TM3,TM3,TM3,TM3,TM3,TM3,TM3,TM3,TM3,TM3,TM3,TM3,TM3,TM3,TM3,TM3,TM3,TM3,TM3,TM3,TM3,TM3,TM3,TM3,TM3,TM3,TM3,TM3,ICL2,ICL2,ICL2,ICL2,ICL2,ICL2,ICL2,ICL2,ICL2,ICL2,ICL2,ICL2,ICL2,ICL2,ICL2,TM4,TM4,TM4,TM4,TM4,TM4,TM4,TM4,TM4,TM4,TM4,TM4,TM4,TM4,TM4,TM4,TM4,TM4,TM4,TM4,TM4,TM4,TM4,TM4,TM4,TM4,TM4,TM4,TM4,TM4,TM4,TM4,TM4,TM4,TM4,ECL2,ECL2,ECL2,ECL2,ECL2,ECL2,ECL2,ECL2,ECL2,ECL2,ECL2,ECL2,ECL2,ECL2,ECL2,ECL2,ECL2,ECL2,ECL2,ECL2,ECL2,ECL2,ECL2,ECL2,ECL2,ECL2,ECL2,ECL2,ECL2,ECL2,ECL2,ECL2,ECL2,ECL2,ECL2,TM5,TM5,TM5,TM5,TM5,TM5,TM5,TM5,TM5,TM5,TM5,TM5,TM5,TM5,TM5,TM5,TM5,TM5,TM5,TM5,TM5,TM5,TM5,TM5,TM5,TM5,TM5,TM5,TM5,TM5,TM5,TM5,TM5,TM5,TM5,TM5,TM5,TM5,TM5,TM5,TM5,TM5,TM5,TM5,TM5,TM5,TM5,TM5,TM5,TM5,TM5,ICL3,ICL3,ICL3,ICL3,ICL3,ICL3,ICL3,ICL3,ICL3,ICL3,ICL3,ICL3,ICL3,ICL3,ICL3,ICL3,ICL3,ICL3,ICL3,ICL3,ICL3,ICL3,ICL3,ICL3,ICL3,ICL3,ICL3,ICL3,ICL3,ICL3,ICL3,ICL3,ICL3,ICL3,ICL3,ICL3,ICL3,ICL3,ICL3,ICL3,ICL3,ICL3,ICL3,ICL3,ICL3,ICL3,ICL3,ICL3,ICL3,ICL3,ICL3,ICL3,ICL3,ICL3,ICL3,ICL3,ICL3,ICL3,ICL3,ICL3,ICL3,ICL3,ICL3,ICL3,ICL3,ICL3,ICL3,ICL3,ICL3,ICL3,ICL3,ICL3,ICL3,ICL3,ICL3,ICL3,ICL3,ICL3,ICL3,ICL3,ICL3,ICL3,ICL3,ICL3,ICL3,ICL3,ICL3,ICL3,ICL3,ICL3,ICL3,ICL3,ICL3,ICL3,ICL3,ICL3,ICL3,ICL3,ICL3,ICL3,ICL3,ICL3,ICL3,ICL3,ICL3,ICL3,ICL3,ICL3,ICL3,ICL3,ICL3,ICL3,ICL3,ICL3,ICL3,ICL3,ICL3,ICL3,ICL3,ICL3,ICL3,ICL3,ICL3,ICL3,ICL3,ICL3,ICL3,ICL3,ICL3,ICL3,ICL3,ICL3,ICL3,ICL3,ICL3,ICL3,ICL3,ICL3,ICL3,ICL3,ICL3,ICL3,ICL3,ICL3,ICL3,ICL3,ICL3,ICL3,ICL3,ICL3,ICL3,ICL3,ICL3,ICL3,ICL3,ICL3,ICL3,ICL3,ICL3,ICL3,ICL3,ICL3,ICL3,ICL3,ICL3,ICL3,ICL3,ICL3,ICL3,ICL3,ICL3,ICL3,ICL3,ICL3,ICL3,ICL3,ICL3,ICL3,ICL3,ICL3,ICL3,ICL3,ICL3,ICL3,ICL3,ICL3,ICL3,ICL3,ICL3,ICL3,ICL3,ICL3,ICL3,ICL3,ICL3,ICL3,ICL3,ICL3,ICL3,ICL3,ICL3,ICL3,ICL3,ICL3,ICL3,ICL3,ICL3,ICL3,ICL3,ICL3,ICL3,TM6,TM6,TM6,TM6,TM6,TM6,TM6,TM6,TM6,TM6,TM6,TM6,TM6,TM6,TM6,TM6,TM6,TM6,TM6,TM6,TM6,TM6,TM6,TM6,TM6,TM6,TM6,TM6,TM6,TM6,TM6,TM6,TM6,TM6,TM6,TM6,TM6,TM6,TM6,TM6,TM6,TM6,TM6,TM6,TM6,TM6,TM6,TM6,TM6,ECL3,ECL3,ECL3,ECL3,ECL3,ECL3,ECL3,ECL3,TM7,TM7,TM7,TM7,TM7,TM7,TM7,TM7,TM7,TM7,TM7,TM7,TM7,TM7,TM7,TM7,TM7,TM7,TM7,TM7,TM7,TM7,TM7,TM7,TM7,TM7,TM7,TM7,TM7,TM7,TM7,TM7,TM7,TM7,TM7,TM7,TM7,TM8,TM8,TM8,TM8,TM8,TM8,TM8,TM8,TM8,TM8,TM8,TM8,TM8,TM8,TM8,TM8,TM8,TM8,TM8,TM8,TM8,TM8,TM8,C-term,C-term,C-term,C-term,C-term,C-term,C-term,C-term,C-term,C-term,C-term,C-term,C-term,C-term,C-term,C-term,C-term,C-term,C-term,C-term,C-term,C-term,C-term,C-term,C-term,C-term,C-term,C-term,C-term,C-term,C-term,C-term,C-term,C-term,C-term,C-term,C-term,C-term,C-term,C-term,C-term,C-term,C-term,C-term,C-term,C-term,C-term,C-term,C-term,C-term,C-term,C-term,C-term,C-term,C-term,C-term,C-term,C-term,C-term,C-term,C-term,C-term,C-term,C-term,C-term,C-term,C-term,C-term,C-term,C-term,C-term,C-term,C-term,C-term,C-term,C-term,C-term,C-term,C-term,C-term,C-term,C-term,C-term,C-term,C-term,C-term,C-term,C-term,C-term,C-term,C-term,C-term,C-term,C-term,C-term,C-term,C-term,C-term,C-term,C-term,C-term,C-term,C-term,C-term,C-term,C-term,C-term,C-term,C-term,C-term,C-term,C-term,C-term,C-term,C-term,C-term,C-term,C-term,C-term,C-term,C-term,C-term,C-term,C-term
o5an1_human,-,-,-,-,-,-,-,-,-,-,-,-,-,-,-,-,-,-,-,-,-,-,-,-,-,-,-,-,-,-,-,-,-,-,-,-,-,-,-,-,-,-,-,-,-,-,-,-,-,-,-,-,-,-,-,-,-,-,-,-,-,-,-,-,-,-,-,-,-,-,-,-,-,-,-,-,-,-,-,-,-,-,-,-,-,-,-,-,-,M,T,G,G,G,N,I,T,E,I,T,Y,F,I,L,L,G,F,S,D,F,P,-,-,-,-,-,-,-,-,R,I,I,K,V,L,F,T,I,F,L,V,-,I,Y,I,T,S,L,A,W,N,L,S,L,I,V,L,I,R,M,D,-,-,-,-,-,-,-,S,H,L,H,-,-,-,-,-,-,T,P,M,Y,F,F,L,S,N,L,S,F,I,D,V,C,Y,I,S,S,T,V,P,-,K,M,L,S,N,L,L,Q,-,-,E,-,-,-,-,Q,Q,-,T,I,-,-,-,-,-,T,F,V,G,C,I,I,Q,Y,F,I,F,S,T,M,G,L,S,E,S,C,L,M,T,A,M,A,Y,D,R,Y,A,A,I,C,N,-,-,-,P,L,L,Y,S,S,I,M,-,-,-,-,-,-,-,S,P,T,L,C,V,W,M,V,L,G,A,Y,M,T,G,L,T,A,S,L,F,Q,I,G,A,L,L,Q,L,-,-,H,F,C,G,S,N,V,I,R,H,F,F,C,D,M,P,Q,L,L,I,L,S,-,C,T,-,-,-,-,-,-,-,-,-,D,-,-,-,-,T,F,F,V,Q,V,M,T,A,-,I,L,T,M,F,F,G,I,A,S,A,L,V,I,M,I,S,Y,G,Y,I,G,I,S,I,M,K,I,-,-,-,-,-,-,-,-,-,T,S,A,-,-,-,-,-,-,-,-,-,-,-,-,-,-,-,-,-,-,-,-,-,-,-,-,-,-,-,-,-,-,-,-,-,-,-,-,-,-,-,-,-,-,-,-,-,-,-,-,-,-,-,-,-,-,-,-,-,-,-,-,-,-,-,-,-,-,-,-,-,-,-,-,-,-,-,-,-,-,-,-,-,-,-,-,-,-,-,-,-,-,-,-,-,-,-,-,-,-,-,-,-,-,-,-,-,-,-,-,-,-,-,-,-,-,-,-,-,-,-,-,-,-,-,-,-,-,-,-,-,-,-,-,-,-,-,-,-,-,-,-,-,-,-,-,-,-,-,-,-,-,-,-,-,-,-,-,-,-,-,-,-,-,-,-,-,-,-,-,-,-,-,-,-,-,-,-,-,-,-,-,-,-,-,-,-,-,-,-,-,-,-,-,-,-,-,-,-,-,-,-,-,-,-,-,-,-,-,-,-,-,-,-,-,-,-,-,-,-,K,G,R,S,K,A,F,N,T,C,A,S,H,L,T,A,V,S,L,-,F,Y,T,S,G,I,F,V,Y,L,S,S,S,S,G,-,-,-,-,G,S,S,S,-,-,-,-,-,-,-,-,-,-,-,-,-,F,D,R,F,A,S,V,F,Y,T,V,V,I,P,M,L,N,P,L,I,Y,S,L,R,-,-,-,N,K,E,I,K,D,A,L,K,R,L,Q,-,-,-,-,-,-,-,-,-,-,-,K,R,K,C,C,R,F,K,C,T,S,-,-,-,-,-,-,-,-,-,-,-,-,-,-,-,-,-,-,-,-,-,-,-,-,-,-,-,-,-,-,-,-,-,-,-,-,-,-,-,-,-,-,-,-,-,-,-,-,-,-,-,-,-,-,-,-,-,-,-,-,-,-,-,-,-,-,-,-,-,-,-,-,-,-,-,-,-,-,-,-,-,-,-,-,-,-,-,-,-,-,-,-,-,-,-,-,-,-,-,-,-,-,-,-,-,-,-,-,-,-,-,-,-,-
5ht1b_human,-,-,-,-,-,-,-,-,-,-,-,-,-,-,-,-,-,-,-,-,-,-,-,-,-,-,-,-,-,-,-,-,-,-,-,-,-,-,-,-,-,-,-,-,-,-,-,-,-,-,-,-,-,-,-,-,-,-,-,-,-,-,-,-,-,-,-,M,E,E,P,G,A,Q,C,A,P,P,P,P,A,G,S,E,T,W,V,P,Q,A,N,L,S,S,A,P,S,Q,N,C,S,A,K,D,Y,I,Y,Q,D,S,I,-,-,-,-,-,-,S,L,P,W,K,V,L,L,V,M,L,L,A,L,-,I,T,L,A,T,T,L,S,N,A,F,V,I,A,T,V,Y,R,T,-,-,-,-,-,-,-,R,K,L,H,-,-,-,-,-,-,T,P,A,N,Y,L,I,A,S,L,A,V,T,D,L,L,V,S,I,L,V,M,P,-,I,S,T,M,Y,T,V,T,G,-,-,-,-,-,-,R,W,-,T,L,-,-,-,-,-,G,Q,V,V,C,D,F,W,L,S,S,D,I,T,C,C,T,A,S,I,L,H,L,C,V,I,A,L,D,R,Y,W,A,I,T,D,-,-,-,A,V,E,Y,S,A,K,R,-,-,-,-,-,-,-,T,P,K,R,A,A,V,M,I,A,L,V,W,V,F,S,I,S,I,S,L,P,P,F,F,W,-,-,-,-,-,-,R,Q,A,K,A,E,E,E,V,S,E,-,-,-,-,-,-,-,-,-,-,-,-,C,V,V,-,-,-,-,-,-,N,T,D,-,-,-,-,-,-,-,H,I,L,Y,T,V,-,Y,S,T,V,G,A,F,Y,F,P,T,L,L,L,I,A,L,Y,G,R,I,Y,V,E,A,R,S,R,I,L,K,Q,T,P,-,-,-,N,R,T,G,K,R,L,T,R,A,Q,L,I,T,D,S,P,G,S,T,S,S,V,T,S,I,N,S,R,-,-,-,-,-,-,-,-,-,-,-,-,-,-,-,-,-,-,-,-,-,-,-,-,-,-,-,-,-,-,-,-,-,-,-,-,-,-,-,-,-,-,-,-,-,-,-,-,-,-,-,-,-,-,-,-,-,-,-,-,-,-,-,-,-,-,-,-,-,-,-,-,-,-,-,-,-,-,-,-,-,-,-,-,-,-,-,-,-,-,-,-,-,-,-,-,-,-,-,-,-,-,-,-,-,-,-,-,-,-,-,-,-,-,-,-,-,-,-,-,-,-,-,-,-,-,-,-,-,-,-,-,-,-,-,-,-,-,-,-,-,-,-,-,-,-,-,-,-,-,-,-,-,V,P,D,V,P,S,E,S,G,S,P,V,Y,V,N,Q,V,K,V,R,V,S,D,A,L,L,E,K,K,-,-,-,-,-,-,K,L,M,A,A,R,E,R,K,A,T,K,T,L,G,I,I,L,G,A,F,I,V,-,C,W,L,P,F,F,I,I,S,L,V,M,P,I,-,-,-,-,-,C,K,D,A,-,C,W,F,-,-,-,-,-,-,-,H,L,A,I,F,D,F,F,T,W,L,G,Y,L,N,S,L,I,N,P,I,I,Y,T,M,S,-,-,-,N,E,D,F,K,Q,A,F,H,K,L,I,-,-,-,-,-,-,-,-,-,-,-,R,F,K,C,T,S,-,-,-,-,-,-,-,-,-,-,-,-,-,-,-,-,-,-,-,-,-,-,-,-,-,-,-,-,-,-,-,-,-,-,-,-,-,-,-,-,-,-,-,-,-,-,-,-,-,-,-,-,-,-,-,-,-,-,-,-,-,-,-,-,-,-,-,-,-,-,-,-,-,-,-,-,-,-,-,-,-,-,-,-,-,-,-,-,-,-,-,-,-,-,-,-,-,-,-,-,-,-,-,-,-,-,-,-,-,-,-,-,-,-,-,-,-,-,-
5ht2b_human,-,-,-,-,-,-,-,-,-,-,-,-,-,-,-,-,-,-,-,-,-,-,-,-,-,-,-,-,-,-,-,-,-,-,-,-,-,-,-,-,-,-,-,-,-,-,-,-,-,-,-,-,-,-,-,-,-,-,M,A,L,S,Y,R,V,S,E,L,Q,S,T,I,P,E,H,I,L,Q,S,T,F,V,H,V,I,S,S,N,W,S,G,L,Q,T,E,S,I,P,E,E,M,K,Q,I,V,E,E,Q,G,N,K,-,-,-,-,-,-,-,-,-,-,-,L,H,W,A,A,L,L,I,L,M,V,I,I,P,T,I,G,G,N,T,L,V,I,L,A,V,S,L,E,-,-,-,-,-,-,-,K,K,L,Q,-,-,-,-,-,-,Y,A,T,N,Y,F,L,M,S,L,A,V,A,D,L,L,V,G,L,F,V,M,P,-,I,A,L,L,T,I,M,F,-,-,E,A,-,-,-,M,W,-,P,L,-,-,-,-,-,P,L,V,L,C,P,A,W,L,F,L,D,V,L,F,S,T,A,S,I,M,H,L,C,A,I,S,V,D,R,Y,I,A,I,K,K,-,-,-,P,I,Q,A,N,Q,Y,N,-,-,-,-,-,-,-,S,R,A,T,A,F,I,K,I,T,V,V,W,L,I,S,I,G,I,A,-,I,P,V,P,I,K,G,-,-,-,-,I,E,T,D,V,D,N,P,N,N,I,T,-,-,-,-,-,-,-,-,-,-,-,C,V,L,-,-,-,-,-,T,K,E,R,-,-,-,-,-,-,-,F,G,D,F,M,L,-,F,G,S,L,A,A,F,F,T,P,L,A,I,M,I,V,T,Y,F,L,T,I,H,A,L,Q,K,K,A,Y,L,V,K,N,K,P,-,P,Q,R,L,T,W,L,T,V,S,T,V,F,Q,R,D,E,T,P,C,S,S,P,E,K,V,A,M,L,-,-,-,-,-,-,-,-,-,-,-,-,-,-,-,-,-,-,-,-,-,-,-,-,-,-,-,-,-,-,-,-,-,-,-,-,-,-,-,-,-,-,-,-,-,-,-,-,-,-,-,-,-,-,-,-,-,-,-,-,-,-,-,-,-,-,-,-,-,-,-,-,-,-,-,-,-,-,-,-,-,-,-,-,-,-,-,-,-,-,-,-,-,-,-,-,-,-,-,-,-,-,-,-,-,-,-,-,-,-,-,-,-,-,-,-,-,-,-,-,-,-,-,-,-,-,-,-,-,-,-,-,-,-,-,-,-,-,-,-,-,-,-,-,-,-,-,-,-,-,-,-,-,-,D,G,S,R,K,D,K,A,L,P,N,S,G,D,E,T,L,M,R,R,T,S,T,I,G,K,K,S,-,-,-,-,-,-,V,Q,T,I,S,N,E,Q,R,A,S,K,V,L,G,I,V,F,F,L,F,L,L,-,M,W,C,P,F,F,I,T,N,I,T,L,V,L,C,-,-,-,-,D,S,-,-,-,-,-,C,-,-,-,N,Q,T,T,L,Q,M,L,L,E,I,F,V,W,I,G,Y,V,S,S,G,V,N,P,L,V,Y,T,L,F,-,-,-,N,K,T,F,R,D,A,F,G,R,Y,I,-,-,-,-,-,-,-,-,-,-,-,T,C,N,Y,R,A,T,K,S,V,K,T,L,R,K,R,S,S,K,I,Y,F,R,N,P,M,A,E,N,S,K,F,F,K,K,H,G,I,R,N,G,I,N,P,A,M,Y,Q,S,P,M,R,L,R,S,S,T,I,Q,S,S,S,I,I,L,L,D,T,L,L,L,T,E,N,E,G,D,K,T,E,E,Q,V,S,Y,V,-,-,-,-,-,-,-,-,-,-,-,-,-,-,-,-,-,-,-,-,-,-,-,-,-,-,-,-,-,-,-,-,-,-,-,-,-,-,-
5ht2c_human,-,-,-,-,-,-,-,-,-,-,-,-,-,-,-,-,-,-,-,-,-,-,-,-,-,-,-,-,-,-,-,-,-,-,-,-,-,-,-,-,-,-,-,-,-,-,-,-,-,-,-,-,-,-,-,-,-,-,M,V,N,L,R,N,A,V,H,S,F,L,V,H,L,I,G,L,L,V,W,Q,C,D,I,S,V,S,P,V,A,A,I,V,T,D,I,F,N,T,S,D,G,G,R,F,K,F,P,D,G,V,Q,-,-,-,-,-,-,-,-,-,-,N,W,P,A,-,L,S,I,V,I,-,I,I,I,M,T,I,G,G,N,I,L,V,I,M,A,V,S,M,E,-,-,-,-,-,-,-,K,K,L,H,-,-,-,-,-,-,N,A,T,N,Y,F,L,M,S,L,A,I,A,D,M,L,V,G,L,L,V,M,P,-,L,S,L,L,A,I,L,Y,D,-,Y,-,-,-,-,V,W,-,P,L,-,-,-,-,-,P,R,Y,L,C,P,V,W,I,S,L,D,V,L,F,S,T,A,S,I,M,H,L,C,A,I,S,L,D,R,Y,V,A,I,R,N,-,-,-,P,I,E,H,S,R,F,N,-,-,-,-,-,-,-,S,R,T,K,A,I,M,K,I,A,I,V,W,A,I,S,I,G,V,S,-,V,P,I,P,V,I,G,L,R,D,-,E,E,K,V,F,V,N,N,T,T,-,-,-,-,-,-,-,-,-,-,-,-,-,C,V,L,-,-,-,-,-,-,-,-,N,-,-,-,-,-,-,-,D,P,N,F,V,L,-,I,G,S,F,V,A,F,F,I,P,L,T,I,M,V,I,T,Y,C,L,T,I,Y,V,L,R,R,Q,A,L,M,L,L,H,-,-,-,G,H,T,E,E,P,P,G,L,S,L,D,F,L,K,C,C,K,R,N,T,A,E,E,E,-,-,-,-,-,-,-,-,-,-,-,-,-,-,-,-,-,-,-,-,-,-,-,-,-,-,-,-,-,-,-,-,-,-,-,-,-,-,-,-,-,-,-,-,-,-,-,-,-,-,-,-,-,-,-,-,-,-,-,-,-,-,-,-,-,-,-,-,-,-,-,-,-,-,-,-,-,-,-,-,-,-,-,-,-,-,-,-,-,-,-,-,-,-,-,-,-,-,-,-,-,-,-,-,-,-,-,-,-,-,-,-,-,-,-,-,-,-,-,-,-,-,-,-,-,-,-,-,-,-,-,-,-,-,-,-,-,-,-,-,-,-,-,-,-,-,-,-,-,-,-,-,-,-,-,-,-,-,-,-,-,-,N,S,A,N,P,N,Q,D,Q,N,A,R,R,R,K,K,K,E,R,R,P,R,G,T,-,-,-,-,-,-,M,Q,A,I,N,N,E,R,K,A,S,K,V,L,G,I,V,F,F,V,F,L,I,-,M,W,C,P,F,F,I,T,N,I,L,S,V,L,C,-,-,-,-,E,K,-,-,-,-,S,C,-,-,-,N,Q,K,L,M,E,K,L,L,N,V,F,V,W,I,G,Y,V,C,S,G,I,N,P,L,V,Y,T,L,F,-,-,-,N,K,I,Y,R,R,A,F,S,N,Y,L,R,C,-,-,-,-,-,-,-,-,-,N,Y,K,V,E,K,K,P,P,V,R,Q,I,P,R,V,A,A,T,A,L,S,G,R,E,L,N,V,N,I,Y,R,H,T,N,E,P,V,I,E,K,A,S,D,N,E,P,G,I,E,M,Q,V,E,N,L,E,L,P,V,N,P,S,S,V,V,S,E,R,I,S,S,V,-,-,-,-,-,-,-,-,-,-,-,-,-,-,-,-,-,-,-,-,-,-,-,-,-,-,-,-,-,-,-,-,-,-,-,-,-,-,-,-,-,-,-,-,-,-,-,-,-,-,-,-
acm1_human,-,-,-,-,-,-,-,-,-,-,-,-,-,-,-,-,-,-,-,-,-,-,-,-,-,-,-,-,-,-,-,-,-,-,-,-,-,-,-,-,-,-,-,-,-,-,-,-,-,-,-,-,-,-,-,-,-,-,-,-,-,-,-,-,-,-,-,-,-,-,-,-,-,-,-,-,-,-,-,-,-,-,-,-,-,-,-,-,-,-,M,N,T,S,A,P,P,A,V,S,P,N,I,T,V,L,A,P,G,K,G,-,-,-,-,-,-,-,P,W,Q,V,A,F,I,G,I,T,T,G,L,-,L,S,L,A,T,V,T,G,N,L,L,V,L,I,S,F,K,V,N,-,-,-,-,-,-,-,T,E,L,K,-,-,-,-,-,-,T,V,N,N,Y,F,L,L,S,L,A,C,A,D,L,I,I,G,T,F,S,M,N,-,L,Y,T,T,Y,L,L,M,-,-,G,-,-,-,-,H,W,-,A,L,-,-,-,-,-,G,T,L,A,C,D,L,W,L,A,L,D,Y,V,A,S,N,A,S,V,M,N,L,L,L,I,S,F,D,R,Y,F,S,V,T,R,-,-,-,P,L,S,Y,R,A,K,R,-,-,-,-,-,-,-,T,P,R,R,A,A,L,M,I,G,L,A,W,L,V,S,F,V,L,W,A,P,A,I,L,F,W,Q,Y,L,V,G,E,R,T,V,L,A,G,Q,-,-,-,-,-,-,-,-,-,-,-,-,-,-,-,C,Y,I,-,-,-,-,-,Q,F,L,S,-,-,-,-,-,-,-,Q,P,I,I,T,F,-,G,T,A,M,A,A,F,Y,L,P,V,T,V,M,C,T,L,Y,W,R,I,Y,R,E,T,E,N,R,A,R,E,L,A,A,L,-,-,Q,G,S,E,T,P,G,K,G,G,G,S,S,S,S,S,E,R,S,Q,P,G,A,E,G,S,P,E,T,P,P,G,R,C,C,R,C,C,R,A,P,R,L,L,Q,A,Y,S,W,K,E,E,E,E,E,D,E,G,S,M,E,S,L,T,-,-,-,-,-,-,-,-,-,-,-,-,-,-,-,-,-,-,-,-,-,-,-,-,-,-,-,-,-,-,-,-,-,-,-,-,-,-,-,-,-,-,-,-,-,-,-,-,-,-,-,-,-,-,-,-,-,-,-,-,-,-,-,-,-,-,-,-,-,-,-,-,-,-,-,-,-,-,-,-,-,-,-,S,S,E,G,E,E,P,G,S,E,V,V,I,K,M,P,M,V,D,P,E,A,Q,A,P,T,K,Q,P,P,R,S,S,P,N,T,V,K,R,P,T,K,K,G,R,D,R,A,G,K,G,Q,K,P,R,G,K,E,Q,L,A,K,R,K,-,-,-,-,-,-,T,F,S,L,V,K,E,K,K,A,A,R,T,L,S,A,I,L,L,A,F,I,L,-,T,W,T,P,Y,N,I,M,V,L,V,S,T,F,C,-,-,-,-,K,D,-,-,-,-,C,V,-,-,-,-,-,-,-,P,E,T,L,W,E,L,G,Y,W,L,C,Y,V,N,S,T,I,N,P,M,C,Y,A,L,C,-,-,-,N,K,A,F,R,D,T,F,R,L,L,L,L,-,-,-,-,-,-,-,-,-,-,C,R,W,D,K,R,R,W,R,K,I,P,K,R,P,G,S,V,H,R,T,P,S,R,Q,C,-,-,-,-,-,-,-,-,-,-,-,-,-,-,-,-,-,-,-,-,-,-,-,-,-,-,-,-,-,-,-,-,-,-,-,-,-,-,-,-,-,-,-,-,-,-,-,-,-,-,-,-,-,-,-,-,-,-,-,-,-,-,-,-,-,-,-,-,-,-,-,-,-,-,-,-,-,-,-,-,-,-,-,-,-,-,-,-,-,-,-,-,-,-,-,-,-,-,-
acm2_human,-,-,-,-,-,-,-,-,-,-,-,-,-,-,-,-,-,-,-,-,-,-,-,-,-,-,-,-,-,-,-,-,-,-,-,-,-,-,-,-,-,-,-,-,-,-,-,-,-,-,-,-,-,-,-,-,-,-,-,-,-,-,-,-,-,-,-,-,-,-,-,-,-,-,-,-,-,-,-,-,-,-,-,-,-,-,-,-,-,-,-,-,-,M,N,N,S,T,N,S,S,N,N,S,L,A,L,T,S,P,Y,-,-,-,-,-,-,K,T,F,E,V,V,F,I,V,L,V,A,G,S,-,L,S,L,V,T,I,I,G,N,I,L,V,M,V,S,I,K,V,N,-,-,-,-,-,-,-,R,H,L,Q,-,-,-,-,-,-,T,V,N,N,Y,F,L,F,S,L,A,C,A,D,L,I,I,G,V,F,S,M,N,-,L,Y,T,L,Y,T,V,I,-,-,G,-,-,-,-,Y,W,-,P,L,-,-,-,-,-,G,P,V,V,C,D,L,W,L,A,L,D,Y,V,V,S,N,A,S,V,M,N,L,L,I,I,S,F,D,R,Y,F,C,V,T,K,-,-,-,P,L,T,Y,P,V,K,R,-,-,-,-,-,-,-,T,T,K,M,A,G,M,M,I,A,A,A,W,V,L,S,F,I,L,W,A,P,A,I,L,F,W,Q,F,I,V,G,V,R,T,V,E,D,G,E,-,-,-,-,-,-,-,-,-,-,-,-,-,-,-,C,Y,I,-,-,-,-,-,Q,F,F,S,-,-,-,-,-,-,-,N,A,A,V,T,F,-,G,T,A,I,A,A,F,Y,L,P,V,I,I,M,T,V,L,Y,W,H,I,S,R,A,S,K,S,R,I,K,K,D,K,K,E,-,-,P,V,A,N,Q,D,P,V,S,P,S,L,V,Q,G,R,I,V,K,P,N,N,N,N,M,P,S,S,D,D,G,L,E,H,N,K,I,Q,N,G,K,A,P,R,D,P,V,T,E,N,C,V,Q,G,E,E,K,E,S,S,N,D,S,T,S,V,S,A,V,A,S,N,M,R,D,D,-,-,-,-,-,-,-,-,-,-,-,-,-,-,-,-,-,-,-,-,-,-,-,-,-,-,-,-,-,-,-,-,-,-,-,-,-,-,-,-,-,-,-,-,-,-,-,-,-,-,-,-,-,-,-,-,-,-,-,E,I,T,Q,D,E,N,T,V,S,T,S,L,G,H,S,K,D,E,N,S,K,Q,T,C,I,R,I,G,T,K,T,P,K,S,D,S,C,T,P,T,N,T,T,V,E,V,V,G,S,S,G,Q,N,G,D,E,K,Q,N,I,V,A,R,K,I,V,K,M,T,K,Q,P,A,K,K,-,-,-,-,-,-,K,P,P,P,S,R,E,K,K,V,T,R,T,I,L,A,I,L,L,A,F,I,I,-,T,W,A,P,Y,N,V,M,V,L,I,N,T,F,C,-,-,-,-,A,P,-,-,-,-,C,I,-,-,-,-,-,-,-,P,N,T,V,W,T,I,G,Y,W,L,C,Y,I,N,S,T,I,N,P,A,C,Y,A,L,C,-,-,-,N,A,T,F,K,K,T,F,K,H,L,L,M,-,-,-,-,-,-,-,-,-,-,C,H,Y,K,N,I,G,A,T,R,-,-,-,-,-,-,-,-,-,-,-,-,-,-,-,-,-,-,-,-,-,-,-,-,-,-,-,-,-,-,-,-,-,-,-,-,-,-,-,-,-,-,-,-,-,-,-,-,-,-,-,-,-,-,-,-,-,-,-,-,-,-,-,-,-,-,-,-,-,-,-,-,-,-,-,-,-,-,-,-,-,-,-,-,-,-,-,-,-,-,-,-,-,-,-,-,-,-,-,-,-,-,-,-,-,-,-,-,-,-,-,-,-,-,-
acm3_rat,-,-,-,-,-,-,-,-,-,-,-,-,-,-,-,-,-,-,-,-,-,-,-,-,-,-,-,-,-,-,-,-,-,-,-,-,-,-,-,-,-,-,-,-,-,-,-,-,M,T,L,H,S,N,S,T,T,S,P,L,F,P,N,I,S,S,S,W,V,H,S,P,S,E,A,G,L,P,L,G,T,V,T,Q,L,G,S,Y,N,I,S,Q,E,T,G,N,F,S,S,N,D,T,S,S,D,P,L,G,G,H,T,-,-,-,-,-,-,-,I,W,Q,V,V,F,I,A,F,L,T,G,F,-,L,A,L,V,T,I,I,G,N,I,L,V,I,V,A,F,K,V,N,-,-,-,-,-,-,-,K,Q,L,K,-,-,-,-,-,-,T,V,N,N,Y,F,L,L,S,L,A,C,A,D,L,I,I,G,V,I,S,M,N,-,L,F,T,T,Y,I,I,M,-,-,N,-,-,-,-,R,W,-,A,L,-,-,-,-,-,G,N,L,A,C,D,L,W,L,S,I,D,Y,V,A,S,N,A,S,V,M,N,L,L,V,I,S,F,D,R,Y,F,S,I,T,R,-,-,-,P,L,T,Y,R,A,K,R,-,-,-,-,-,-,-,T,T,K,R,A,G,V,M,I,G,L,A,W,V,I,S,F,V,L,W,A,P,A,I,L,F,W,Q,Y,F,V,G,K,R,T,V,P,P,G,E,-,-,-,-,-,-,-,-,-,-,-,-,-,-,-,C,F,I,-,-,-,-,-,Q,F,L,S,-,-,-,-,-,-,-,E,P,T,I,T,F,-,G,T,A,I,A,A,F,Y,M,P,V,T,I,M,T,I,L,Y,W,R,I,Y,K,E,T,E,K,R,T,K,E,L,A,G,L,-,-,Q,A,S,G,T,E,A,E,A,E,N,F,V,H,P,T,G,S,S,R,S,C,S,S,Y,E,L,Q,Q,Q,G,V,K,R,S,S,R,R,K,Y,G,R,C,H,F,W,F,T,T,K,S,W,K,P,S,A,E,Q,M,D,Q,D,H,S,S,S,D,S,W,N,N,N,D,A,A,A,S,L,E,N,S,A,S,S,D,E,E,D,I,G,S,E,T,R,A,I,Y,S,I,V,L,K,L,P,G,H,S,S,I,L,N,S,T,K,L,P,S,S,D,N,L,Q,V,S,N,E,D,L,G,T,V,D,V,E,R,N,A,H,K,L,Q,A,Q,K,S,M,G,D,G,D,N,C,Q,K,D,F,T,K,L,P,I,Q,L,E,S,A,V,D,T,G,K,T,S,D,T,N,S,S,A,D,K,T,T,A,T,L,P,L,S,F,K,E,A,T,L,A,K,R,F,A,L,K,T,R,S,Q,I,T,K,R,K,-,-,-,-,-,-,R,M,S,L,I,K,E,K,K,A,A,Q,T,L,S,A,I,L,L,A,F,I,I,-,T,W,T,P,Y,N,I,M,V,L,V,N,T,F,C,-,-,-,-,D,S,-,-,-,-,C,I,-,-,-,-,-,-,-,P,K,T,Y,W,N,L,G,Y,W,L,C,Y,I,N,S,T,V,N,P,V,C,Y,A,L,C,-,-,-,N,K,T,F,R,T,T,F,K,T,L,L,-,-,-,-,-,-,-,-,-,-,-,L,C,Q,C,D,K,R,K,R,R,K,Q,Q,Y,Q,Q,R,Q,S,V,I,F,H,K,R,V,P,E,Q,A,L,-,-,-,-,-,-,-,-,-,-,-,-,-,-,-,-,-,-,-,-,-,-,-,-,-,-,-,-,-,-,-,-,-,-,-,-,-,-,-,-,-,-,-,-,-,-,-,-,-,-,-,-,-,-,-,-,-,-,-,-,-,-,-,-,-,-,-,-,-,-,-,-,-,-,-,-,-,-,-,-,-,-,-,-,-,-,-,-,-,-,-,-,-,-
acm4_human,-,-,-,-,-,-,-,-,-,-,-,-,-,-,-,-,-,-,-,-,-,-,-,-,-,-,-,-,-,-,-,-,-,-,-,-,-,-,-,-,-,-,-,-,-,-,-,-,-,-,-,-,-,-,-,-,-,-,-,-,-,-,-,-,-,-,-,-,-,-,-,-,-,-,-,-,-,-,-,-,-,-,-,-,-,-,M,A,N,F,T,P,V,N,G,S,S,G,N,Q,S,V,R,L,V,T,S,S,S,H,N,-,-,-,-,R,Y,E,T,V,E,M,V,F,I,A,T,V,T,G,S,-,L,S,L,V,T,V,V,G,N,I,L,V,M,L,S,I,K,V,N,-,-,-,-,-,-,-,R,Q,L,Q,-,-,-,-,-,-,T,V,N,N,Y,F,L,F,S,L,A,C,A,D,L,I,I,G,A,F,S,M,N,-,L,Y,T,V,Y,I,I,K,-,-,G,-,-,-,-,Y,W,-,P,L,-,-,-,-,-,G,A,V,V,C,D,L,W,L,A,L,D,Y,V,V,S,N,A,S,V,M,N,L,L,I,I,S,F,D,R,Y,F,C,V,T,K,-,-,-,P,L,T,Y,P,A,R,R,-,-,-,-,-,-,-,T,T,K,M,A,G,L,M,I,A,A,A,W,V,L,S,F,V,L,W,A,P,A,I,L,F,W,Q,F,V,V,G,K,R,T,V,P,D,N,Q,-,-,-,-,-,-,-,-,-,-,-,-,-,-,-,C,F,I,-,-,-,-,-,Q,F,L,S,-,-,-,-,-,-,-,N,P,A,V,T,F,-,G,T,A,I,A,A,F,Y,L,P,V,V,I,M,T,V,L,Y,I,H,I,S,L,A,S,R,S,R,V,H,K,H,R,P,E,-,-,G,P,K,E,K,K,A,K,T,L,A,F,L,K,S,P,L,M,K,Q,S,V,K,K,P,P,P,G,E,A,A,R,E,E,L,R,N,G,K,L,E,E,A,P,P,P,A,L,P,P,P,P,R,P,V,A,D,K,D,T,S,N,E,S,S,S,G,S,A,T,Q,N,T,K,E,R,P,A,-,-,-,-,-,-,-,-,-,-,-,-,-,-,-,-,-,-,-,-,-,-,-,-,-,-,-,-,-,-,-,-,-,-,-,-,-,-,-,-,-,-,-,-,-,-,-,-,-,-,-,-,-,-,-,T,E,L,S,T,T,E,A,T,T,P,A,M,P,A,P,P,L,Q,P,R,A,L,N,P,A,S,R,W,S,K,I,Q,I,V,T,K,Q,T,G,N,E,C,V,T,A,I,E,I,V,P,A,T,P,A,G,M,R,P,A,A,N,V,A,R,K,F,A,S,I,A,R,N,Q,V,R,K,K,-,-,-,-,-,-,R,Q,M,A,A,R,E,R,K,V,T,R,T,I,F,A,I,L,L,A,F,I,L,-,T,W,T,P,Y,N,V,M,V,L,V,N,T,F,C,-,-,-,-,Q,S,-,-,-,-,C,I,-,-,-,-,-,-,-,P,D,T,V,W,S,I,G,Y,W,L,C,Y,V,N,S,T,I,N,P,A,C,Y,A,L,C,-,-,-,N,A,T,F,K,K,T,F,R,H,L,L,L,-,-,-,-,-,-,-,-,-,-,C,Q,Y,R,N,I,G,T,A,R,-,-,-,-,-,-,-,-,-,-,-,-,-,-,-,-,-,-,-,-,-,-,-,-,-,-,-,-,-,-,-,-,-,-,-,-,-,-,-,-,-,-,-,-,-,-,-,-,-,-,-,-,-,-,-,-,-,-,-,-,-,-,-,-,-,-,-,-,-,-,-,-,-,-,-,-,-,-,-,-,-,-,-,-,-,-,-,-,-,-,-,-,-,-,-,-,-,-,-,-,-,-,-,-,-,-,-,-,-,-,-,-,-,-,-
adrb1_melga,-,-,-,-,-,-,-,-,-,-,-,-,-,-,-,-,-,-,-,-,-,-,-,-,-,-,-,-,-,-,-,-,-,-,-,-,-,-,-,-,-,-,-,-,-,-,-,-,-,-,-,-,-,-,-,-,-,-,-,-,-,-,-,-,-,-,-,-,-,-,-,-,-,-,-,-,-,-,-,M,G,D,G,W,L,P,P,D,C,G,P,H,N,R,S,G,G,G,G,A,T,A,A,P,T,G,S,R,Q,V,S,-,-,A,E,L,L,S,Q,Q,W,E,A,G,M,S,L,L,M,A,L,-,V,V,L,L,I,V,A,G,N,V,L,V,I,A,A,I,G,R,T,-,-,-,-,-,-,-,Q,R,L,Q,-,-,-,-,-,-,T,L,T,N,L,F,I,T,S,L,A,C,A,D,L,V,M,G,L,L,V,V,P,-,F,G,A,T,L,V,V,R,-,-,G,-,-,-,-,T,W,-,L,W,-,-,-,-,-,G,S,F,L,C,E,C,W,T,S,L,D,V,L,C,V,T,A,S,I,E,T,L,C,V,I,A,I,D,R,Y,L,A,I,T,S,-,-,-,P,F,R,Y,Q,S,L,M,-,-,-,-,-,-,-,T,R,A,R,A,K,V,I,I,C,T,V,W,A,I,S,A,L,V,S,F,L,P,I,M,M,H,-,-,-,-,-,W,W,R,D,E,D,P,Q,A,L,K,C,Y,Q,D,P,G,C,-,-,-,-,-,C,D,F,-,-,-,-,-,-,-,V,T,-,-,-,-,-,-,-,N,R,A,Y,A,I,-,A,S,S,I,I,S,F,Y,I,P,L,L,I,M,I,F,V,Y,L,R,V,Y,R,E,A,K,E,Q,I,R,K,I,D,R,C,E,-,G,R,F,Y,G,S,Q,E,Q,P,Q,P,P,P,L,-,-,-,-,-,-,-,-,-,-,-,-,-,-,-,-,-,-,-,-,-,-,-,-,-,-,-,-,-,-,-,-,-,-,-,-,-,-,-,-,-,-,-,-,-,-,-,-,-,-,-,-,-,-,-,-,-,-,-,-,-,-,-,-,-,-,-,-,-,-,-,-,-,-,-,-,-,-,-,-,-,-,-,-,-,-,-,-,-,-,-,-,-,-,-,-,-,-,-,-,-,-,-,-,-,-,-,-,-,-,-,-,-,-,-,-,-,-,-,-,-,-,-,-,-,-,-,-,-,-,-,-,-,-,-,-,-,-,-,-,-,-,-,-,-,-,-,-,-,-,-,-,-,-,-,-,-,-,-,-,-,-,-,-,-,-,-,-,-,-,-,-,-,-,-,-,-,-,-,-,-,-,P,Q,H,Q,P,I,L,G,N,G,R,A,S,K,-,-,R,K,T,S,R,V,M,A,M,R,E,H,K,A,L,K,T,L,G,I,I,M,G,V,F,T,L,-,C,W,L,P,F,F,L,V,N,I,V,N,V,F,N,-,-,-,-,R,D,-,-,-,-,L,V,-,-,-,-,-,-,-,P,D,W,L,F,V,F,F,N,W,L,G,Y,A,N,S,A,F,N,P,I,I,Y,C,R,-,-,-,-,S,P,D,F,R,K,A,F,K,R,L,L,C,-,-,-,-,-,-,-,-,-,-,F,P,R,K,A,D,R,R,L,H,A,G,G,Q,P,A,P,L,P,G,G,F,I,S,T,L,G,S,P,E,H,S,P,G,G,T,W,S,D,C,N,G,G,T,R,G,G,S,E,S,S,L,E,E,R,H,S,K,T,S,R,S,E,S,K,M,E,R,E,K,N,I,L,A,T,T,R,F,Y,C,T,F,L,G,N,G,D,K,A,V,F,C,T,V,L,R,I,V,K,L,F,E,D,A,T,C,T,C,P,H,T,H,K,L,K,M,K,W,R,F,K,Q,H,Q,A
adrb2_human,-,-,-,-,-,-,-,-,-,-,-,-,-,-,-,-,-,-,-,-,-,-,-,-,-,-,-,-,-,-,-,-,-,-,-,-,-,-,-,-,-,-,-,-,-,-,-,-,-,-,-,-,-,-,-,-,-,-,-,-,-,-,-,-,-,-,-,-,-,-,-,-,-,-,-,-,-,-,-,-,-,-,-,-,-,-,M,G,Q,P,G,N,G,S,A,F,L,L,A,P,N,G,S,H,A,P,D,H,D,V,T,-,-,-,Q,E,R,D,E,V,W,V,V,G,M,G,I,V,M,S,L,-,I,V,L,A,I,V,F,G,N,V,L,V,I,T,A,I,A,K,F,-,-,-,-,-,-,-,E,R,L,Q,-,-,-,-,-,-,T,V,T,N,Y,F,I,T,S,L,A,C,A,D,L,V,M,G,L,A,V,V,P,-,F,G,A,A,H,I,L,M,-,-,K,-,-,-,-,M,W,-,T,F,-,-,-,-,-,G,N,F,W,C,E,F,W,T,S,I,D,V,L,C,V,T,A,S,I,E,T,L,C,V,I,A,V,D,R,Y,F,A,I,T,S,-,-,-,P,F,K,Y,Q,S,L,L,-,-,-,-,-,-,-,T,K,N,K,A,R,V,I,I,L,M,V,W,I,V,S,G,L,T,S,F,L,P,I,Q,M,H,-,-,-,-,-,W,Y,R,A,T,H,Q,E,A,I,N,C,Y,A,N,E,T,C,-,-,-,-,-,C,D,F,-,-,-,-,-,-,-,F,T,-,-,-,-,-,-,-,N,Q,A,Y,A,I,-,A,S,S,I,V,S,F,Y,V,P,L,V,I,M,V,F,V,Y,S,R,V,F,Q,E,A,K,R,Q,L,Q,K,I,D,K,S,E,-,G,R,F,H,V,Q,N,L,S,Q,V,E,-,-,-,-,-,-,-,-,-,-,-,-,-,-,-,-,-,-,-,-,-,-,-,-,-,-,-,-,-,-,-,-,-,-,-,-,-,-,-,-,-,-,-,-,-,-,-,-,-,-,-,-,-,-,-,-,-,-,-,-,-,-,-,-,-,-,-,-,-,-,-,-,-,-,-,-,-,-,-,-,-,-,-,-,-,-,-,-,-,-,-,-,-,-,-,-,-,-,-,-,-,-,-,-,-,-,-,-,-,-,-,-,-,-,-,-,-,-,-,-,-,-,-,-,-,-,-,-,-,-,-,-,-,-,-,-,-,-,-,-,-,-,-,-,-,-,-,-,-,-,-,-,-,-,-,-,-,-,-,-,-,-,-,-,-,-,-,-,-,-,-,-,-,-,-,-,-,-,-,-,-,-,-,-,-,-,-,Q,D,G,R,T,G,H,G,L,R,R,S,-,-,-,-,-,-,S,K,F,C,L,K,E,H,K,A,L,K,T,L,G,I,I,M,G,T,F,T,L,-,C,W,L,P,F,F,I,V,N,I,V,H,V,I,Q,-,-,-,-,D,N,-,-,-,-,L,I,-,-,-,-,-,-,-,R,K,E,V,Y,I,L,L,N,W,I,G,Y,V,N,S,G,F,N,P,L,I,Y,C,R,-,-,-,-,S,P,D,F,R,I,A,F,Q,E,L,L,C,-,-,-,-,-,-,-,-,-,-,L,R,R,S,S,L,K,A,Y,G,N,G,Y,S,S,N,G,N,T,G,E,Q,S,G,Y,H,V,E,Q,E,K,E,N,K,L,L,C,E,D,L,P,G,T,E,D,F,V,G,H,Q,G,T,V,P,S,D,N,I,D,S,Q,G,R,N,C,S,T,N,D,S,L,L,-,-,-,-,-,-,-,-,-,-,-,-,-,-,-,-,-,-,-,-,-,-,-,-,-,-,-,-,-,-,-,-,-,-,-,-,-,-,-,-,-,-,-,-,-,-,-,-,-,-,-,-,-
drd2_human,-,-,-,-,-,-,-,-,-,-,-,-,-,-,-,-,-,-,-,-,-,-,-,-,-,-,-,-,-,-,-,-,-,-,-,-,-,-,-,-,-,-,-,-,-,-,-,-,-,-,-,-,-,-,-,-,-,-,-,-,-,-,-,-,-,-,-,-,-,-,-,-,-,-,-,-,-,-,-,-,-,M,D,P,L,N,L,S,W,Y,D,D,D,L,E,R,Q,N,W,S,R,P,F,N,G,S,D,G,K,A,D,-,-,-,-,-,-,-,R,P,H,Y,N,Y,Y,A,T,L,L,T,L,-,L,I,A,V,I,V,F,G,N,V,L,V,C,M,A,V,S,R,E,-,-,-,-,-,-,-,K,A,L,Q,-,-,-,-,-,-,T,T,T,N,Y,L,I,V,S,L,A,V,A,D,L,L,V,A,T,L,V,M,P,-,W,V,V,Y,L,E,V,V,G,-,-,-,-,-,-,E,W,-,K,F,-,-,-,-,-,S,R,I,H,C,D,I,F,V,T,L,D,V,M,M,C,T,A,S,I,L,N,L,C,A,I,S,I,D,R,Y,T,A,V,A,M,-,-,-,P,M,L,Y,N,T,R,Y,S,-,-,-,-,-,-,S,K,R,R,V,T,V,M,I,S,I,V,W,V,L,S,F,T,I,S,-,C,P,L,L,F,-,-,-,-,-,-,G,L,N,N,A,D,Q,N,E,-,-,-,-,-,-,-,-,-,-,-,-,-,-,C,I,I,-,-,-,-,-,-,-,-,A,-,-,-,-,-,-,-,N,P,A,F,V,V,-,Y,S,S,I,V,S,F,Y,V,P,F,I,V,T,L,L,V,Y,I,K,I,Y,I,V,L,R,R,R,R,K,R,V,N,T,K,-,-,R,S,S,R,A,F,R,A,H,L,R,A,P,L,K,G,N,C,T,H,P,E,D,M,K,L,C,T,V,I,M,K,S,N,G,S,F,P,V,N,R,R,R,V,E,A,A,R,R,A,Q,E,L,E,M,E,M,L,S,S,T,S,P,P,E,R,T,R,-,-,-,-,-,-,-,-,-,-,-,-,-,-,-,-,-,-,-,-,-,-,-,-,-,-,-,-,-,-,-,-,-,-,-,-,-,-,-,-,-,-,-,-,-,-,-,-,-,-,-,-,-,-,-,-,-,-,-,-,-,-,-,-,-,-,-,-,-,-,-,-,-,-,-,-,Y,S,P,I,P,P,S,H,H,Q,L,T,L,P,D,P,S,H,H,G,L,H,S,T,P,D,S,P,A,K,P,E,K,N,G,H,A,K,D,H,P,K,I,A,K,I,F,E,I,Q,T,M,P,N,G,K,T,R,T,S,L,K,T,M,S,R,R,-,-,-,-,-,-,K,L,S,Q,Q,K,E,K,K,A,T,Q,M,L,A,I,V,L,G,V,F,I,I,-,C,W,L,P,F,F,I,T,H,I,L,N,I,H,C,-,-,-,-,D,C,-,-,-,-,N,I,-,-,-,-,-,-,-,P,P,V,L,Y,S,A,F,T,W,L,G,Y,V,N,S,A,V,N,P,I,I,Y,T,T,F,-,-,-,N,I,E,F,R,K,A,F,L,K,I,L,H,-,-,-,-,-,-,-,-,-,-,C,-,-,-,-,-,-,-,-,-,-,-,-,-,-,-,-,-,-,-,-,-,-,-,-,-,-,-,-,-,-,-,-,-,-,-,-,-,-,-,-,-,-,-,-,-,-,-,-,-,-,-,-,-,-,-,-,-,-,-,-,-,-,-,-,-,-,-,-,-,-,-,-,-,-,-,-,-,-,-,-,-,-,-,-,-,-,-,-,-,-,-,-,-,-,-,-,-,-,-,-,-,-,-,-,-,-,-,-,-,-,-,-,-,-,-,-,-,-,-,-,-,-,-,-
drd3_human,-,-,-,-,-,-,-,-,-,-,-,-,-,-,-,-,-,-,-,-,-,-,-,-,-,-,-,-,-,-,-,-,-,-,-,-,-,-,-,-,-,-,-,-,-,-,-,-,-,-,-,-,-,-,-,-,-,-,-,-,-,-,-,-,-,-,-,-,-,-,-,-,-,-,-,-,-,-,-,-,-,-,-,-,-,-,M,A,S,L,S,Q,L,S,S,H,L,N,Y,T,C,G,A,E,N,S,T,G,A,S,Q,-,-,-,-,-,-,-,A,R,P,H,A,Y,Y,A,L,S,Y,C,A,-,L,I,L,A,I,V,F,G,N,G,L,V,C,M,A,V,L,K,E,-,-,-,-,-,-,-,R,A,L,Q,-,-,-,-,-,-,T,T,T,N,Y,L,V,V,S,L,A,V,A,D,L,L,V,A,T,L,V,M,P,-,W,V,V,Y,L,E,V,T,-,-,G,G,-,-,-,V,W,-,N,F,-,-,-,-,-,S,R,I,C,C,D,V,F,V,T,L,D,V,M,M,C,T,A,S,I,L,N,L,C,A,I,S,I,D,R,Y,T,A,V,V,M,-,-,-,P,V,H,Y,Q,H,G,T,G,-,Q,S,-,-,-,S,C,R,R,V,A,L,M,I,T,A,V,W,V,L,A,F,A,V,S,-,C,P,L,L,F,G,-,-,-,-,-,F,N,T,T,G,D,P,T,V,-,-,-,-,-,-,-,-,-,-,-,-,-,-,C,S,I,-,-,-,-,-,-,-,-,S,-,-,-,-,-,-,-,N,P,D,F,V,I,-,Y,S,S,V,V,S,F,Y,L,P,F,G,V,T,V,L,V,Y,A,R,I,Y,V,V,L,K,Q,R,R,R,K,R,I,L,T,R,-,Q,N,S,Q,C,N,S,V,R,P,G,F,P,Q,Q,T,L,S,P,D,P,A,H,L,E,L,K,R,Y,Y,S,I,C,Q,D,T,A,L,G,G,P,G,F,Q,E,R,-,-,-,-,-,-,-,-,-,-,-,-,-,-,-,-,-,-,-,-,-,-,-,-,-,-,-,-,-,-,-,-,-,-,-,-,-,-,-,-,-,-,-,-,-,-,-,-,-,-,-,-,-,-,-,-,-,-,-,-,-,-,-,-,-,-,-,-,-,-,-,-,-,-,-,-,-,-,-,-,-,-,-,-,-,-,-,-,-,-,-,-,-,-,-,-,-,-,-,-,-,-,-,-,-,-,-,-,-,-,-,-,-,-,-,-,-,-,-,-,G,G,E,L,K,R,E,E,K,T,R,N,S,L,S,P,T,I,A,P,K,L,S,L,E,V,R,K,L,S,N,G,R,L,S,T,S,L,K,L,G,P,L,Q,P,-,-,-,-,-,-,R,G,V,P,L,R,E,K,K,A,T,Q,M,V,A,I,V,L,G,A,F,I,V,-,C,W,L,P,F,F,L,T,H,V,L,N,T,H,-,-,-,-,-,C,Q,T,-,-,C,H,V,-,-,-,-,-,-,-,S,P,E,L,Y,S,A,T,T,W,L,G,Y,V,N,S,A,L,N,P,V,I,Y,T,T,F,-,-,-,N,I,E,F,R,K,A,F,L,K,I,L,S,-,-,-,-,-,-,-,-,-,-,C,-,-,-,-,-,-,-,-,-,-,-,-,-,-,-,-,-,-,-,-,-,-,-,-,-,-,-,-,-,-,-,-,-,-,-,-,-,-,-,-,-,-,-,-,-,-,-,-,-,-,-,-,-,-,-,-,-,-,-,-,-,-,-,-,-,-,-,-,-,-,-,-,-,-,-,-,-,-,-,-,-,-,-,-,-,-,-,-,-,-,-,-,-,-,-,-,-,-,-,-,-,-,-,-,-,-,-,-,-,-,-,-,-,-,-,-,-,-,-,-,-,-,-,-
drd4_human,-,-,-,-,-,-,-,-,-,-,-,-,-,-,-,-,-,-,-,-,-,-,-,-,-,-,-,-,-,-,-,-,-,-,-,-,-,-,-,-,-,-,-,-,-,-,-,-,-,-,-,-,-,-,-,-,-,-,-,-,-,-,-,-,-,-,-,-,-,-,-,-,-,-,-,-,-,-,-,-,-,M,G,N,R,S,T,A,D,A,D,G,L,L,A,G,R,G,P,A,A,G,A,S,A,G,A,S,A,G,L,-,-,-,-,-,-,-,A,G,Q,G,A,A,A,L,V,G,G,V,L,-,L,I,G,A,V,L,A,G,N,S,L,V,C,V,S,V,A,T,E,-,-,-,-,-,-,-,R,A,L,Q,-,-,-,-,-,-,T,P,T,N,S,F,I,V,S,L,A,A,A,D,L,L,L,A,L,L,V,L,P,-,L,F,V,Y,S,E,V,Q,-,-,G,G,-,-,-,A,W,-,L,L,-,-,-,-,-,S,P,R,L,C,D,A,L,M,A,M,D,V,M,L,C,T,A,S,I,F,N,L,C,A,I,S,V,D,R,F,V,A,V,A,V,-,-,-,P,L,R,Y,N,R,Q,G,-,-,-,-,-,-,-,G,S,R,R,Q,L,L,L,I,G,A,T,W,L,L,S,A,A,V,A,-,A,P,V,L,C,G,-,-,-,-,-,L,N,D,V,R,G,R,D,P,A,V,-,-,-,-,-,-,-,-,-,-,-,-,C,R,L,-,-,-,-,-,-,-,-,E,-,-,-,-,-,-,-,D,R,D,Y,V,V,-,Y,S,S,V,C,S,F,F,L,P,C,P,L,M,L,L,L,Y,W,A,T,F,R,G,L,Q,R,W,E,V,A,R,R,A,K,-,-,L,H,G,R,A,P,R,R,P,S,G,P,G,P,P,S,P,T,P,P,A,P,R,L,P,Q,D,P,C,G,P,D,C,A,P,P,A,P,G,L,P,R,G,P,C,G,P,D,C,A,P,A,A,P,G,L,P,P,D,P,C,G,P,D,C,A,P,P,A,P,G,L,P,Q,D,P,C,-,-,-,-,-,-,-,-,-,-,-,-,-,-,-,-,-,-,-,-,-,-,-,-,-,-,-,-,-,-,-,-,-,-,-,-,-,-,-,-,-,-,-,-,-,-,-,-,-,-,-,-,-,-,-,-,-,-,G,P,D,C,A,P,P,A,P,G,L,P,R,G,P,C,G,P,D,C,A,P,P,A,P,G,L,P,Q,D,P,C,G,P,D,C,A,P,P,A,P,G,L,P,P,D,P,C,G,S,N,C,A,P,P,D,A,V,R,A,A,A,L,P,P,Q,T,P,P,Q,T,R,R,R,R,R,-,-,-,-,-,-,A,K,I,T,G,R,E,R,K,A,M,R,V,L,P,V,V,V,G,A,F,L,L,-,C,W,T,P,F,F,V,V,H,I,T,Q,A,L,C,-,-,-,-,P,A,C,-,-,-,S,V,-,-,-,-,-,-,-,P,P,R,L,V,S,A,V,T,W,L,G,Y,V,N,S,A,L,N,P,V,I,Y,T,V,F,-,-,-,N,A,E,F,R,N,V,F,R,K,A,L,R,-,-,-,-,-,-,-,-,-,-,A,C,C,-,-,-,-,-,-,-,-,-,-,-,-,-,-,-,-,-,-,-,-,-,-,-,-,-,-,-,-,-,-,-,-,-,-,-,-,-,-,-,-,-,-,-,-,-,-,-,-,-,-,-,-,-,-,-,-,-,-,-,-,-,-,-,-,-,-,-,-,-,-,-,-,-,-,-,-,-,-,-,-,-,-,-,-,-,-,-,-,-,-,-,-,-,-,-,-,-,-,-,-,-,-,-,-,-,-,-,-,-,-,-,-,-,-,-,-,-,-,-,-,-,-
hrh1_human,-,-,-,-,-,-,-,-,-,-,-,-,-,-,-,-,-,-,-,-,-,-,-,-,-,-,-,-,-,-,-,-,-,-,-,-,-,-,-,-,-,-,-,-,-,-,-,-,-,-,-,-,-,-,-,-,-,-,-,-,-,-,-,-,-,-,-,-,-,-,-,-,-,-,-,-,-,-,-,-,-,-,-,M,S,L,P,N,S,S,C,L,L,E,D,K,M,C,E,G,N,K,T,T,M,A,S,P,Q,L,M,-,-,-,-,-,-,-,-,-,-,-,-,P,L,V,V,V,L,S,T,-,I,C,L,V,T,V,G,L,N,L,L,V,L,Y,A,V,R,S,E,-,-,-,-,-,-,-,R,K,L,H,-,-,-,-,-,-,T,V,G,N,L,Y,I,V,S,L,S,V,A,D,L,I,V,G,A,V,V,M,P,-,M,N,I,L,Y,L,L,M,-,-,S,-,-,-,-,K,W,-,S,L,-,-,-,-,-,G,R,P,L,C,L,F,W,L,S,M,D,Y,V,A,S,T,A,S,I,F,S,V,F,I,L,C,I,D,R,Y,R,S,V,Q,Q,-,-,-,P,L,R,Y,L,K,Y,R,-,-,-,-,-,-,-,T,K,T,R,A,S,A,T,I,L,G,A,W,F,L,S,F,L,-,W,V,I,P,I,L,G,-,-,-,-,-,-,W,N,H,F,M,Q,Q,T,S,V,R,R,E,D,K,-,-,-,-,-,-,-,-,C,E,T,-,-,-,-,-,D,F,Y,D,-,-,-,-,-,-,-,V,T,W,F,K,V,-,M,T,A,I,I,N,F,Y,L,P,T,L,L,M,L,W,F,Y,A,K,I,Y,K,A,V,R,Q,H,C,Q,H,R,E,L,I,N,-,R,S,L,P,S,F,S,E,I,K,L,R,P,E,N,P,K,G,D,A,K,K,P,G,K,E,S,P,W,E,V,L,K,R,K,P,K,D,A,G,G,G,S,V,L,K,S,P,S,Q,T,P,K,E,M,K,S,P,V,V,F,S,Q,E,D,D,R,E,V,D,K,L,Y,C,F,P,L,D,I,V,H,M,Q,A,A,A,E,G,-,-,-,-,-,-,-,-,-,-,-,-,-,-,-,-,-,-,-,-,-,-,-,-,-,-,-,-,-,-,-,-,-,-,-,-,S,S,R,D,Y,V,A,V,N,R,S,H,G,Q,L,K,T,D,E,Q,G,L,N,T,H,G,A,S,E,I,S,E,D,Q,M,L,G,D,S,Q,S,F,S,R,T,D,S,D,T,T,T,E,T,A,P,G,K,G,K,L,R,S,G,S,N,T,G,L,D,Y,I,K,F,T,W,K,R,L,R,S,H,S,R,Q,Y,V,S,-,-,-,-,-,-,G,L,H,M,N,R,E,R,K,A,A,K,Q,L,G,F,I,M,A,A,F,I,L,-,C,W,I,P,Y,F,I,F,F,M,V,I,A,F,C,-,-,-,-,K,N,-,-,-,-,C,C,-,-,-,-,-,-,-,N,E,H,L,H,M,F,T,I,W,L,G,Y,I,N,S,T,L,N,P,L,I,Y,P,L,C,-,-,-,N,E,N,F,K,K,T,F,K,R,I,L,H,-,-,-,-,-,-,-,-,-,-,I,R,S,-,-,-,-,-,-,-,-,-,-,-,-,-,-,-,-,-,-,-,-,-,-,-,-,-,-,-,-,-,-,-,-,-,-,-,-,-,-,-,-,-,-,-,-,-,-,-,-,-,-,-,-,-,-,-,-,-,-,-,-,-,-,-,-,-,-,-,-,-,-,-,-,-,-,-,-,-,-,-,-,-,-,-,-,-,-,-,-,-,-,-,-,-,-,-,-,-,-,-,-,-,-,-,-,-,-,-,-,-,-,-,-,-,-,-,-,-,-,-,-,-,-
agtr1_human,-,-,-,-,-,-,-,-,-,-,-,-,-,-,-,-,-,-,-,-,-,-,-,-,-,-,-,-,-,-,-,-,-,-,-,-,-,-,-,-,-,-,-,-,-,-,-,-,-,-,-,-,-,-,-,-,-,-,-,-,-,-,-,-,-,-,-,-,-,-,-,-,-,-,-,-,-,-,-,-,-,-,-,-,-,-,M,I,L,N,S,S,T,E,D,G,I,K,R,I,Q,D,D,C,P,K,A,G,R,H,N,-,-,-,-,-,-,-,-,Y,I,F,V,M,I,P,T,L,Y,S,I,-,I,F,V,V,G,I,F,G,N,S,L,V,V,I,V,I,Y,F,Y,-,-,-,-,-,-,-,M,K,L,K,-,-,-,-,-,-,T,V,A,S,V,F,L,L,N,L,A,L,A,D,L,C,F,L,L,-,T,L,P,-,L,W,A,V,Y,T,A,M,-,-,E,Y,-,-,-,R,W,-,P,F,-,-,-,-,-,G,N,Y,L,C,K,I,A,S,A,S,V,S,F,N,L,Y,A,S,V,F,L,L,T,C,L,S,I,D,R,Y,L,A,I,V,H,-,-,-,P,M,K,S,R,L,R,R,-,-,-,-,-,-,-,T,M,L,V,A,K,V,T,C,I,I,I,W,L,L,A,G,L,A,S,-,L,P,A,I,I,H,R,-,-,-,-,N,V,F,F,I,E,N,T,N,I,T,V,-,-,-,-,-,-,-,-,-,-,-,C,A,F,-,H,Y,E,S,Q,N,S,T,-,-,-,-,-,-,L,P,I,G,L,G,L,-,T,K,N,I,L,G,F,L,F,P,F,L,I,I,L,T,S,Y,T,L,I,W,K,A,L,K,K,A,-,-,-,-,-,-,-,-,-,Y,E,-,-,-,-,-,-,-,-,-,-,-,-,-,-,-,-,-,-,-,-,-,-,-,-,-,-,-,-,-,-,-,-,-,-,-,-,-,-,-,-,-,-,-,-,-,-,-,-,-,-,-,-,-,-,-,-,-,-,-,-,-,-,-,-,-,-,-,-,-,-,-,-,-,-,-,-,-,-,-,-,-,-,-,-,-,-,-,-,-,-,-,-,-,-,-,-,-,-,-,-,-,-,-,-,-,-,-,-,-,-,-,-,-,-,-,-,-,-,-,-,-,-,-,-,-,-,-,-,-,-,-,-,-,-,-,-,-,-,-,-,-,-,-,-,-,-,-,-,-,-,-,-,-,-,-,-,-,-,-,-,-,-,-,-,-,-,-,-,-,-,-,-,-,-,-,-,-,-,-,-,-,-,-,-,-,-,-,-,-,-,-,-,-,-,-,-,-,-,-,-,-,-,-,-,-,-,-,-,I,-,-,-,-,-,-,Q,K,N,K,P,R,N,D,D,I,F,K,I,I,M,A,I,V,L,F,F,F,F,-,S,W,I,P,H,Q,I,F,T,F,L,D,V,L,I,Q,L,G,-,I,I,-,-,-,-,-,R,D,C,R,I,A,D,I,V,D,T,A,M,P,I,T,I,C,I,A,Y,F,N,N,C,L,N,P,L,F,Y,G,F,L,-,-,-,G,K,K,F,K,R,Y,F,L,Q,L,L,K,Y,I,-,-,-,-,-,-,-,-,P,P,K,A,K,S,H,S,N,L,S,T,K,M,S,T,L,S,Y,R,P,S,D,N,V,S,S,S,T,K,K,P,A,P,C,F,E,V,E,-,-,-,-,-,-,-,-,-,-,-,-,-,-,-,-,-,-,-,-,-,-,-,-,-,-,-,-,-,-,-,-,-,-,-,-,-,-,-,-,-,-,-,-,-,-,-,-,-,-,-,-,-,-,-,-,-,-,-,-,-,-,-,-,-,-,-,-,-,-,-,-,-,-,-,-,-,-,-,-,-,-,-,-,-,-
agtr2_human,-,-,-,-,-,-,-,-,-,-,-,-,-,-,-,-,-,-,-,-,-,-,-,-,-,-,-,-,-,-,-,-,-,-,-,-,-,-,-,-,-,-,-,-,-,-,-,-,-,-,-,-,-,-,-,-,-,-,-,-,-,-,-,-,-,-,-,M,K,G,N,S,T,L,A,T,T,S,K,N,I,T,S,G,L,H,F,G,L,V,N,I,S,G,N,N,E,S,T,L,N,C,S,Q,K,P,S,D,K,H,L,-,-,-,-,-,-,-,-,-,-,-,D,A,I,P,I,L,Y,Y,I,-,I,F,V,I,G,F,L,V,N,I,V,V,V,T,L,F,C,C,Q,-,-,-,-,K,G,P,-,-,-,-,-,K,K,-,-,-,-,V,S,S,I,Y,I,F,N,L,A,V,A,D,L,L,L,L,A,-,T,L,P,-,L,W,A,T,Y,Y,S,Y,-,-,R,Y,-,-,-,D,W,-,L,F,-,-,-,-,-,G,P,V,M,C,K,V,F,G,S,F,L,T,L,N,M,F,A,S,I,F,F,I,T,C,M,S,V,D,R,Y,Q,S,V,I,Y,-,-,-,P,F,L,S,Q,R,R,-,-,-,-,-,-,-,-,N,P,W,Q,A,S,Y,I,V,P,L,V,W,C,M,A,C,L,S,S,-,L,P,T,F,Y,F,R,-,-,-,-,D,V,R,T,I,E,Y,L,G,V,N,A,-,-,-,-,-,-,-,-,-,-,-,C,I,M,-,-,-,-,A,F,P,P,E,-,-,K,Y,A,Q,W,S,A,G,I,A,L,-,M,K,N,I,L,G,F,I,I,P,L,I,F,I,A,T,C,Y,F,G,I,R,K,H,L,L,K,T,-,-,-,-,-,-,-,-,-,N,S,-,-,-,-,-,-,-,-,-,-,-,-,-,-,-,-,-,-,-,-,-,-,-,-,-,-,-,-,-,-,-,-,-,-,-,-,-,-,-,-,-,-,-,-,-,-,-,-,-,-,-,-,-,-,-,-,-,-,-,-,-,-,-,-,-,-,-,-,-,-,-,-,-,-,-,-,-,-,-,-,-,-,-,-,-,-,-,-,-,-,-,-,-,-,-,-,-,-,-,-,-,-,-,-,-,-,-,-,-,-,-,-,-,-,-,-,-,-,-,-,-,-,-,-,-,-,-,-,-,-,-,-,-,-,-,-,-,-,-,-,-,-,-,-,-,-,-,-,-,-,-,-,-,-,-,-,-,-,-,-,-,-,-,-,-,-,-,-,-,-,-,-,-,-,-,-,-,-,-,-,-,-,-,-,-,-,-,-,-,-,-,-,-,-,-,-,-,-,-,-,-,-,-,-,-,-,-,-,Y,-,-,-,-,-,-,G,K,N,R,I,T,R,D,Q,V,L,K,M,A,A,A,V,V,L,A,F,I,I,-,C,W,L,P,F,H,V,L,T,F,L,D,A,L,A,W,M,G,-,V,I,-,-,-,-,-,N,S,C,E,V,I,A,V,I,D,L,A,L,P,F,A,I,L,L,G,F,T,N,S,C,V,N,P,F,L,Y,C,F,V,-,-,-,G,N,R,F,Q,Q,K,L,R,S,V,F,R,V,P,-,-,-,-,-,-,-,-,I,T,W,L,Q,G,K,R,E,S,M,S,C,R,K,S,S,S,L,R,E,M,E,T,F,V,S,-,-,-,-,-,-,-,-,-,-,-,-,-,-,-,-,-,-,-,-,-,-,-,-,-,-,-,-,-,-,-,-,-,-,-,-,-,-,-,-,-,-,-,-,-,-,-,-,-,-,-,-,-,-,-,-,-,-,-,-,-,-,-,-,-,-,-,-,-,-,-,-,-,-,-,-,-,-,-,-,-,-,-,-,-,-,-,-,-,-,-,-,-,-,-,-,-,-
apj_human,-,-,-,-,-,-,-,-,-,-,-,-,-,-,-,-,-,-,-,-,-,-,-,-,-,-,-,-,-,-,-,-,-,-,-,-,-,-,-,-,-,-,-,-,-,-,-,-,-,-,-,-,-,-,-,-,-,-,-,-,-,-,-,-,-,-,-,-,-,-,-,-,-,-,-,-,-,-,-,-,-,-,-,M,E,E,G,G,D,F,D,N,Y,Y,G,A,D,N,Q,S,E,C,E,Y,T,D,W,K,S,S,G,-,-,-,-,-,-,-,-,-,-,-,A,L,I,P,A,I,Y,M,L,-,V,F,L,L,G,T,T,G,N,G,L,V,L,W,T,V,F,R,S,-,-,-,-,-,-,-,S,R,E,K,R,-,-,-,-,-,R,S,A,D,I,F,I,A,S,L,A,V,A,D,L,T,F,V,V,-,T,L,P,-,L,W,A,T,Y,T,Y,R,D,-,Y,-,-,-,-,D,W,-,P,F,-,-,-,-,-,G,T,F,F,C,K,L,S,S,Y,L,I,F,V,N,M,Y,A,S,V,F,C,L,T,G,L,S,F,D,R,Y,L,A,I,V,R,-,-,-,P,V,A,N,A,R,L,R,-,-,-,-,-,-,-,L,R,V,S,G,A,V,A,T,A,V,L,W,V,L,A,A,L,L,A,-,M,P,V,M,V,L,R,-,-,-,-,T,T,G,D,L,E,N,T,T,K,V,Q,-,-,-,-,-,-,-,-,-,-,-,C,Y,M,D,Y,S,M,V,A,T,V,S,-,-,S,E,W,A,W,E,V,G,L,G,V,-,S,S,T,T,V,G,F,V,V,P,F,T,I,M,L,T,C,Y,F,F,I,A,Q,T,I,A,G,H,F,R,K,E,-,-,-,-,-,R,I,E,-,-,-,-,-,-,-,-,-,-,-,-,-,-,-,-,-,-,-,-,-,-,-,-,-,-,-,-,-,-,-,-,-,-,-,-,-,-,-,-,-,-,-,-,-,-,-,-,-,-,-,-,-,-,-,-,-,-,-,-,-,-,-,-,-,-,-,-,-,-,-,-,-,-,-,-,-,-,-,-,-,-,-,-,-,-,-,-,-,-,-,-,-,-,-,-,-,-,-,-,-,-,-,-,-,-,-,-,-,-,-,-,-,-,-,-,-,-,-,-,-,-,-,-,-,-,-,-,-,-,-,-,-,-,-,-,-,-,-,-,-,-,-,-,-,-,-,-,-,-,-,-,-,-,-,-,-,-,-,-,-,-,-,-,-,-,-,-,-,-,-,-,-,-,-,-,-,-,-,-,-,-,-,-,-,-,-,-,-,-,-,-,-,-,-,-,-,-,-,-,-,-,-,-,-,G,L,R,-,-,-,-,-,-,-,-,-,-,-,K,R,R,R,L,L,S,I,I,V,V,L,V,V,T,F,A,L,-,C,W,M,P,Y,H,L,V,K,T,L,Y,M,L,G,S,L,-,-,L,H,-,-,-,-,-,W,P,C,D,F,D,L,F,L,M,N,I,F,P,Y,C,T,C,I,S,Y,V,N,S,C,L,N,P,F,L,Y,A,F,F,-,-,-,D,P,R,F,R,Q,A,C,T,S,M,L,C,C,G,-,-,-,-,-,-,-,-,Q,S,R,C,A,G,T,S,H,S,S,S,G,E,K,S,A,S,Y,S,S,G,H,S,Q,G,P,G,P,N,M,G,K,G,G,E,Q,M,H,E,K,S,I,P,Y,S,Q,E,T,L,V,V,D,-,-,-,-,-,-,-,-,-,-,-,-,-,-,-,-,-,-,-,-,-,-,-,-,-,-,-,-,-,-,-,-,-,-,-,-,-,-,-,-,-,-,-,-,-,-,-,-,-,-,-,-,-,-,-,-,-,-,-,-,-,-,-,-,-,-,-,-,-,-,-,-
c5ar1_human,-,-,-,-,-,-,-,-,-,-,-,-,-,-,-,-,-,-,-,-,-,-,-,-,-,-,-,-,-,-,-,-,-,-,-,-,-,-,-,-,-,-,-,-,-,-,-,-,-,-,-,-,-,-,-,-,-,-,-,-,-,-,-,-,-,-,-,-,-,-,-,-,-,-,-,-,-,-,M,D,S,F,N,Y,T,T,P,D,Y,G,H,Y,D,D,K,D,T,L,D,L,N,T,P,V,D,K,T,S,N,T,L,-,-,-,-,-,-,-,R,V,P,D,I,L,A,L,V,I,F,A,V,-,V,F,L,V,G,V,L,G,N,A,L,V,V,W,V,T,A,F,E,-,-,-,-,A,K,-,-,-,-,-,-,-,R,-,-,-,T,I,N,A,I,W,F,L,N,L,A,V,A,D,F,L,S,C,L,-,A,L,P,-,I,L,F,T,S,I,V,Q,H,-,H,-,-,-,-,H,W,-,P,F,-,-,-,-,-,G,G,A,A,C,S,I,L,P,S,L,I,L,L,N,M,Y,A,S,I,L,L,L,A,T,I,S,A,D,R,F,L,L,V,F,K,-,-,-,P,I,W,C,Q,N,F,R,-,-,-,-,-,-,-,G,A,G,L,A,W,I,A,C,A,V,A,W,G,L,A,L,L,L,T,-,I,P,S,F,L,Y,R,-,-,-,-,V,V,R,E,E,Y,F,P,P,K,V,L,-,-,-,-,-,-,-,-,-,-,-,C,G,V,-,-,-,-,-,D,Y,S,H,-,-,-,D,K,R,R,E,R,A,V,A,I,-,V,R,L,V,L,G,F,L,W,P,L,L,T,L,T,I,C,Y,T,F,I,L,L,R,T,W,S,R,-,-,-,-,-,-,-,-,-,R,A,T,-,-,-,-,-,-,-,-,-,-,-,-,-,-,-,-,-,-,-,-,-,-,-,-,-,-,-,-,-,-,-,-,-,-,-,-,-,-,-,-,-,-,-,-,-,-,-,-,-,-,-,-,-,-,-,-,-,-,-,-,-,-,-,-,-,-,-,-,-,-,-,-,-,-,-,-,-,-,-,-,-,-,-,-,-,-,-,-,-,-,-,-,-,-,-,-,-,-,-,-,-,-,-,-,-,-,-,-,-,-,-,-,-,-,-,-,-,-,-,-,-,-,-,-,-,-,-,-,-,-,-,-,-,-,-,-,-,-,-,-,-,-,-,-,-,-,-,-,-,-,-,-,-,-,-,-,-,-,-,-,-,-,-,-,-,-,-,-,-,-,-,-,-,-,-,-,-,-,-,-,-,-,-,-,-,-,-,-,-,-,-,-,-,-,-,-,-,-,-,-,-,-,-,-,-,-,R,S,-,-,-,-,-,-,-,-,-,-,-,-,-,T,K,T,L,K,V,V,V,A,V,V,A,S,F,F,I,-,F,W,L,P,Y,Q,V,T,G,I,M,M,S,F,L,-,-,-,-,E,P,-,-,-,-,-,S,-,S,P,T,F,L,L,L,K,K,L,D,S,L,C,V,S,F,A,Y,I,N,C,C,I,N,P,I,I,Y,V,V,A,-,-,-,G,Q,G,F,Q,G,R,L,R,K,-,-,-,-,-,-,-,-,-,-,-,-,-,S,L,P,S,L,L,R,N,V,L,T,E,E,S,V,V,R,E,S,K,S,F,T,R,S,T,V,D,T,M,A,Q,K,T,Q,A,V,-,-,-,-,-,-,-,-,-,-,-,-,-,-,-,-,-,-,-,-,-,-,-,-,-,-,-,-,-,-,-,-,-,-,-,-,-,-,-,-,-,-,-,-,-,-,-,-,-,-,-,-,-,-,-,-,-,-,-,-,-,-,-,-,-,-,-,-,-,-,-,-,-,-,-,-,-,-,-,-,-,-,-,-,-,-,-,-
ednrb_human,-,-,-,-,-,-,-,-,-,-,-,-,-,-,-,-,-,-,-,-,-,M,Q,P,P,P,S,L,C,G,R,A,L,V,A,L,V,L,A,C,G,L,S,R,I,W,G,E,E,R,G,F,P,P,D,R,A,T,P,L,L,Q,T,A,E,I,M,T,P,P,T,K,T,L,W,P,K,G,S,N,A,S,L,A,R,S,L,A,P,A,E,V,P,K,G,D,R,T,A,G,S,P,P,R,T,I,S,P,P,P,C,Q,G,P,I,E,I,K,E,T,F,K,Y,I,N,T,V,V,S,C,L,-,V,F,V,L,G,I,I,G,N,S,T,L,L,R,I,I,Y,K,N,-,-,-,-,-,-,-,K,C,M,R,N,-,-,-,-,-,-,G,P,N,I,L,I,A,S,L,A,L,G,D,L,L,H,I,V,I,D,I,P,-,I,N,V,Y,K,L,L,A,-,-,E,-,-,-,-,D,W,-,P,F,-,-,-,-,-,G,A,E,M,C,K,L,V,P,F,I,Q,K,A,S,V,G,I,T,V,L,S,L,C,A,L,S,I,D,R,Y,R,A,V,A,S,-,-,-,W,S,R,I,K,G,I,G,-,-,-,-,-,-,-,V,P,K,W,T,A,V,E,I,V,L,I,W,V,V,S,V,V,L,A,-,V,P,E,A,I,G,F,-,-,-,-,D,I,I,T,M,D,Y,K,G,S,Y,L,R,I,-,-,-,-,-,-,-,-,-,C,L,L,-,-,-,-,H,P,V,Q,K,T,A,F,M,Q,F,Y,K,T,A,K,D,W,-,W,L,F,S,F,Y,F,C,L,P,L,A,I,T,A,F,F,Y,T,L,M,T,C,E,M,L,R,K,K,S,G,M,-,-,-,-,-,Q,I,-,-,-,-,-,-,-,-,-,-,-,-,-,-,-,-,-,-,-,-,-,-,-,-,-,-,-,-,-,-,-,-,-,-,-,-,-,-,-,-,-,-,-,-,-,-,-,-,-,-,-,-,-,-,-,-,-,-,-,-,-,-,-,-,-,-,-,-,-,-,-,-,-,-,-,-,-,-,-,-,-,-,-,-,-,-,-,-,-,-,-,-,-,-,-,-,-,-,-,-,-,-,-,-,-,-,-,-,-,-,-,-,-,-,-,-,-,-,-,-,-,-,-,-,-,-,-,-,-,-,-,-,-,-,-,-,-,-,-,-,-,-,-,-,-,-,-,-,-,-,-,-,-,-,-,-,-,-,-,-,-,-,-,-,-,-,-,-,-,-,-,-,-,-,-,-,-,-,-,-,-,-,-,-,-,-,-,-,-,-,-,-,-,-,-,-,-,-,-,-,-,-,-,-,-,-,-,A,L,-,-,-,-,-,-,N,D,H,L,K,Q,R,R,E,V,A,K,T,V,F,C,L,V,L,V,F,A,L,-,C,W,L,P,L,H,L,S,R,I,L,K,L,T,L,Y,-,-,-,N,Q,N,-,-,D,P,N,R,C,E,L,L,S,F,L,L,V,L,D,Y,I,G,I,N,M,A,S,L,N,S,C,I,N,P,I,A,L,Y,L,V,-,-,-,S,K,R,F,K,N,C,F,K,S,C,L,C,C,-,-,-,-,-,-,-,-,-,W,C,Q,S,F,E,E,K,Q,S,L,E,E,K,Q,S,C,L,K,F,K,A,N,D,H,G,Y,D,N,F,R,S,S,N,K,Y,S,S,S,-,-,-,-,-,-,-,-,-,-,-,-,-,-,-,-,-,-,-,-,-,-,-,-,-,-,-,-,-,-,-,-,-,-,-,-,-,-,-,-,-,-,-,-,-,-,-,-,-,-,-,-,-,-,-,-,-,-,-,-,-,-,-,-,-,-,-,-,-,-,-,-,-,-,-,-,-,-,-,-,-,-,-,-,-,-
npy1r_human,-,-,-,-,-,-,-,-,-,-,-,-,-,-,-,-,-,-,-,-,-,-,-,-,-,-,-,-,-,-,-,-,-,-,-,-,-,-,-,-,-,-,-,-,-,-,-,-,-,-,-,-,-,-,-,-,-,-,-,-,-,-,-,-,-,-,-,-,-,-,-,-,-,-,-,-,M,N,S,T,L,F,S,Q,V,E,N,H,S,V,H,S,N,F,S,E,K,N,A,Q,L,L,A,F,E,N,D,D,C,H,L,-,-,-,-,-,-,P,L,A,M,I,F,T,L,A,L,A,Y,G,A,-,V,I,I,L,G,V,S,G,N,L,A,L,I,I,I,I,L,K,Q,-,-,-,-,-,-,-,K,E,M,R,-,-,-,-,-,-,N,V,T,N,I,L,I,V,N,L,S,F,S,D,L,L,V,A,I,M,C,L,P,-,F,T,F,V,Y,T,L,M,D,-,-,-,-,-,-,H,W,-,V,F,-,-,-,-,-,G,E,A,M,C,K,L,N,P,F,V,Q,C,V,S,I,T,V,S,I,F,S,L,V,L,I,A,V,E,R,H,Q,L,I,I,N,P,R,G,-,-,-,-,-,-,-,-,-,W,R,P,-,-,-,N,N,R,H,A,Y,V,G,I,A,V,I,W,V,L,A,V,A,S,S,-,L,P,F,L,I,Y,Q,-,-,-,-,V,M,T,D,E,P,F,Q,N,V,T,L,D,A,Y,K,D,K,Y,V,-,-,-,C,F,D,-,-,-,-,-,-,Q,F,P,-,-,-,S,D,S,H,R,L,S,Y,T,T,-,L,L,L,V,L,Q,Y,F,G,P,L,C,F,I,F,I,C,Y,F,K,I,Y,I,R,L,K,R,R,N,N,M,M,D,-,-,-,-,K,M,-,-,-,-,-,-,-,-,-,-,-,-,-,-,-,-,-,-,-,-,-,-,-,-,-,-,-,-,-,-,-,-,-,-,-,-,-,-,-,-,-,-,-,-,-,-,-,-,-,-,-,-,-,-,-,-,-,-,-,-,-,-,-,-,-,-,-,-,-,-,-,-,-,-,-,-,-,-,-,-,-,-,-,-,-,-,-,-,-,-,-,-,-,-,-,-,-,-,-,-,-,-,-,-,-,-,-,-,-,-,-,-,-,-,-,-,-,-,-,-,-,-,-,-,-,-,-,-,-,-,-,-,-,-,-,-,-,-,-,-,-,-,-,-,-,-,-,-,-,-,-,-,-,-,-,-,-,-,-,-,-,-,-,-,-,-,-,-,-,-,-,-,-,-,-,-,-,-,-,-,-,-,-,-,-,-,-,-,-,-,-,-,-,-,-,-,-,-,-,-,-,-,-,-,-,-,-,-,R,-,-,-,-,D,N,K,Y,R,S,S,E,T,K,R,I,N,I,M,L,L,S,I,V,V,A,F,A,V,-,C,W,L,P,L,T,I,F,N,T,V,F,D,W,N,-,-,-,-,H,Q,I,-,-,-,I,A,-,-,-,-,T,C,N,H,N,L,L,F,L,L,C,H,L,T,A,M,I,S,T,C,V,N,P,I,F,Y,G,F,L,-,-,-,N,K,N,F,Q,R,D,L,Q,F,F,F,-,-,-,-,-,-,-,-,-,-,-,N,F,C,D,F,R,S,R,D,D,D,Y,E,T,I,A,M,S,T,M,H,T,D,V,S,K,T,S,L,K,Q,A,S,P,V,A,F,K,K,I,N,N,N,D,D,N,E,K,I,-,-,-,-,-,-,-,-,-,-,-,-,-,-,-,-,-,-,-,-,-,-,-,-,-,-,-,-,-,-,-,-,-,-,-,-,-,-,-,-,-,-,-,-,-,-,-,-,-,-,-,-,-,-,-,-,-,-,-,-,-,-,-,-,-,-,-,-,-,-,-,-,-,-,-,-
ntr1_rat,-,-,-,-,-,-,-,-,-,-,-,-,-,-,-,-,-,-,-,-,-,-,-,-,-,-,-,-,-,-,-,-,-,-,-,-,-,-,-,-,-,-,-,-,-,-,-,-,-,-,-,M,H,L,N,S,S,V,P,Q,G,T,P,G,E,P,D,A,Q,P,F,S,G,P,Q,S,E,M,E,A,T,F,L,A,L,S,L,S,N,G,S,G,N,T,S,E,S,D,T,A,G,P,N,S,D,L,D,V,N,T,D,-,-,-,-,-,-,-,I,Y,S,K,V,L,V,T,A,I,Y,L,A,-,L,F,V,V,G,T,V,G,N,S,V,T,A,F,T,L,A,R,K,-,-,-,-,-,-,-,K,S,L,Q,-,-,-,S,L,Q,S,T,V,H,Y,H,L,G,S,L,A,L,S,D,L,L,I,L,L,L,A,M,P,-,V,E,L,Y,N,F,I,W,V,-,H,H,-,-,-,P,W,-,A,F,-,-,-,-,-,G,D,A,G,C,R,G,Y,Y,F,L,R,D,A,C,T,Y,A,T,A,L,N,V,A,S,L,S,V,E,R,Y,L,A,I,C,H,-,-,-,P,F,K,A,K,T,L,M,-,-,-,-,-,-,-,S,R,S,R,T,K,K,F,I,S,A,I,W,L,A,S,A,L,L,A,-,I,P,M,L,F,T,M,-,-,-,-,G,L,Q,N,R,S,G,D,G,T,H,P,G,G,L,V,-,-,-,-,-,-,-,C,T,P,-,-,-,-,-,-,I,V,D,-,-,-,-,T,A,T,V,K,V,V,I,Q,-,V,N,T,F,M,S,F,L,F,P,M,L,V,I,S,I,L,N,T,V,I,A,N,K,L,T,V,M,V,H,Q,A,A,E,Q,G,-,R,V,C,T,V,G,T,H,N,G,L,-,-,-,-,-,-,-,-,-,-,-,-,-,-,-,-,-,-,-,-,-,-,-,-,-,-,-,-,-,-,-,-,-,-,-,-,-,-,-,-,-,-,-,-,-,-,-,-,-,-,-,-,-,-,-,-,-,-,-,-,-,-,-,-,-,-,-,-,-,-,-,-,-,-,-,-,-,-,-,-,-,-,-,-,-,-,-,-,-,-,-,-,-,-,-,-,-,-,-,-,-,-,-,-,-,-,-,-,-,-,-,-,-,-,-,-,-,-,-,-,-,-,-,-,-,-,-,-,-,-,-,-,-,-,-,-,-,-,-,-,-,-,-,-,-,-,-,-,-,-,-,-,-,-,-,-,-,-,-,-,-,-,-,-,-,-,-,-,-,-,-,-,-,-,-,-,-,-,-,-,-,-,-,-,-,-,-,-,-,-,E,H,S,T,F,N,M,T,I,E,-,-,-,-,-,-,P,G,R,V,Q,A,L,R,H,G,V,L,V,L,R,A,V,V,I,A,F,V,V,-,C,W,L,P,Y,H,V,R,R,L,M,F,C,Y,I,-,-,-,-,S,D,E,-,-,-,Q,W,T,T,F,L,F,D,F,Y,H,Y,F,Y,M,L,T,N,A,L,F,Y,V,S,S,A,I,N,P,I,L,Y,N,L,V,-,-,-,S,A,N,F,R,Q,V,F,L,S,T,L,-,-,-,-,-,-,-,-,-,-,-,A,C,L,C,P,G,W,R,H,R,R,K,K,R,P,T,F,S,R,K,P,N,S,M,S,S,N,H,A,F,S,T,S,A,T,R,E,T,L,Y,-,-,-,-,-,-,-,-,-,-,-,-,-,-,-,-,-,-,-,-,-,-,-,-,-,-,-,-,-,-,-,-,-,-,-,-,-,-,-,-,-,-,-,-,-,-,-,-,-,-,-,-,-,-,-,-,-,-,-,-,-,-,-,-,-,-,-,-,-,-,-,-,-,-,-,-,-,-,-,-,-,-,-,-,-
oprd_human,-,-,-,-,-,-,-,-,-,-,-,-,-,-,-,-,-,-,-,-,-,-,-,-,-,-,-,-,-,-,-,-,-,-,-,-,-,-,-,-,-,-,-,-,-,-,-,-,-,-,-,-,-,-,-,-,-,-,-,-,-,-,-,-,-,-,-,-,-,-,-,-,-,M,E,P,A,P,S,A,G,A,E,L,Q,P,P,L,F,A,N,A,S,D,A,Y,P,S,A,C,P,S,A,G,A,N,A,S,G,P,P,G,A,R,S,A,S,S,L,A,L,A,I,A,I,T,A,L,Y,S,A,-,V,C,A,V,G,L,L,G,N,V,L,V,M,F,G,I,V,R,Y,-,-,-,-,-,-,-,T,K,M,K,-,-,-,-,-,-,T,A,T,N,I,Y,I,F,N,L,A,L,A,D,A,L,A,T,S,-,T,L,P,-,F,Q,S,A,K,Y,L,M,-,-,E,-,-,-,-,T,W,-,P,F,-,-,-,-,-,G,E,L,L,C,K,A,V,L,S,I,D,Y,Y,N,M,F,T,S,I,F,T,L,T,M,M,S,V,D,R,Y,I,A,V,C,H,-,-,-,P,V,K,A,L,D,F,R,-,-,-,-,-,-,-,T,P,A,K,A,K,L,I,N,I,C,I,W,V,L,A,S,G,V,G,V,P,I,M,V,M,A,-,-,-,-,-,V,T,R,P,R,D,G,A,V,V,-,-,-,-,-,-,-,-,-,-,-,-,-,C,M,L,-,-,-,-,Q,F,P,S,P,-,-,-,S,W,Y,W,D,T,V,T,K,I,-,C,V,F,L,F,A,F,V,V,P,I,L,I,I,T,V,C,Y,G,L,M,L,L,R,L,R,S,V,-,-,-,-,-,-,-,-,-,R,L,L,-,-,-,-,-,-,-,-,-,-,-,-,-,-,-,-,-,-,-,-,-,-,-,-,-,-,-,-,-,-,-,-,-,-,-,-,-,-,-,-,-,-,-,-,-,-,-,-,-,-,-,-,-,-,-,-,-,-,-,-,-,-,-,-,-,-,-,-,-,-,-,-,-,-,-,-,-,-,-,-,-,-,-,-,-,-,-,-,-,-,-,-,-,-,-,-,-,-,-,-,-,-,-,-,-,-,-,-,-,-,-,-,-,-,-,-,-,-,-,-,-,-,-,-,-,-,-,-,-,-,-,-,-,-,-,-,-,-,-,-,-,-,-,-,-,-,-,-,-,-,-,-,-,-,-,-,-,-,-,-,-,-,-,-,-,-,-,-,-,-,-,-,-,-,-,-,-,-,-,-,-,-,-,-,-,-,-,-,-,-,-,-,-,-,-,-,-,-,-,-,-,-,-,-,-,-,S,G,-,-,-,-,-,S,K,E,K,D,R,S,L,R,R,I,T,R,M,V,L,V,V,V,G,A,F,V,V,-,C,W,A,P,I,H,I,F,V,I,V,W,T,L,V,-,-,-,-,D,I,D,-,-,-,R,R,-,-,-,-,D,P,L,V,V,A,A,L,H,L,C,I,A,L,G,Y,A,N,S,S,L,N,P,V,L,Y,A,F,L,-,-,-,D,E,N,F,K,R,C,F,R,Q,L,C,R,K,-,-,-,-,-,-,-,-,-,P,C,G,R,P,D,P,S,S,F,S,R,A,R,E,A,T,A,R,E,R,V,T,A,C,T,P,S,D,G,P,G,G,G,A,A,A,-,-,-,-,-,-,-,-,-,-,-,-,-,-,-,-,-,-,-,-,-,-,-,-,-,-,-,-,-,-,-,-,-,-,-,-,-,-,-,-,-,-,-,-,-,-,-,-,-,-,-,-,-,-,-,-,-,-,-,-,-,-,-,-,-,-,-,-,-,-,-,-,-,-,-,-,-,-,-,-,-,-,-,-,-,-,-,-
oprd_mouse,-,-,-,-,-,-,-,-,-,-,-,-,-,-,-,-,-,-,-,-,-,-,-,-,-,-,-,-,-,-,-,-,-,-,-,-,-,-,-,-,-,-,-,-,-,-,-,-,-,-,-,-,-,-,-,-,-,-,-,-,-,-,-,-,-,-,-,-,-,-,-,-,-,M,E,L,V,P,S,A,R,A,E,L,Q,S,S,P,L,V,N,L,S,D,A,F,P,S,A,F,P,S,A,G,A,N,A,S,G,S,P,G,A,R,S,A,S,S,L,A,L,A,I,A,I,T,A,L,Y,S,A,-,V,C,A,V,G,L,L,G,N,V,L,V,M,F,G,I,V,R,Y,-,-,-,-,-,-,-,T,K,L,K,-,-,-,-,-,-,T,A,T,N,I,Y,I,F,N,L,A,L,A,D,A,L,A,T,S,-,T,L,P,-,F,Q,S,A,K,Y,L,M,-,-,E,-,-,-,-,T,W,-,P,F,-,-,-,-,-,G,E,L,L,C,K,A,V,L,S,I,D,Y,Y,N,M,F,T,S,I,F,T,L,T,M,M,S,V,D,R,Y,I,A,V,C,H,-,-,-,P,V,K,A,L,D,F,R,-,-,-,-,-,-,-,T,P,A,K,A,K,L,I,N,I,C,I,W,V,L,A,S,G,V,G,V,P,I,M,V,M,A,-,-,-,-,-,V,T,Q,P,R,D,G,A,V,V,-,-,-,-,-,-,-,-,-,-,-,-,-,C,M,L,-,-,-,-,Q,F,P,S,P,-,-,-,S,W,Y,W,D,T,V,T,K,I,-,C,V,F,L,F,A,F,V,V,P,I,L,I,I,T,V,C,Y,G,L,M,L,L,R,L,R,S,V,-,-,-,-,-,-,-,-,-,R,L,L,-,-,-,-,-,-,-,-,-,-,-,-,-,-,-,-,-,-,-,-,-,-,-,-,-,-,-,-,-,-,-,-,-,-,-,-,-,-,-,-,-,-,-,-,-,-,-,-,-,-,-,-,-,-,-,-,-,-,-,-,-,-,-,-,-,-,-,-,-,-,-,-,-,-,-,-,-,-,-,-,-,-,-,-,-,-,-,-,-,-,-,-,-,-,-,-,-,-,-,-,-,-,-,-,-,-,-,-,-,-,-,-,-,-,-,-,-,-,-,-,-,-,-,-,-,-,-,-,-,-,-,-,-,-,-,-,-,-,-,-,-,-,-,-,-,-,-,-,-,-,-,-,-,-,-,-,-,-,-,-,-,-,-,-,-,-,-,-,-,-,-,-,-,-,-,-,-,-,-,-,-,-,-,-,-,-,-,-,-,-,-,-,-,-,-,-,-,-,-,-,-,-,-,-,-,-,S,G,-,-,-,-,-,S,K,E,K,D,R,S,L,R,R,I,T,R,M,V,L,V,V,V,G,A,F,V,V,-,C,W,A,P,I,H,I,F,V,I,V,W,T,L,V,-,-,-,-,D,I,N,-,-,-,R,R,-,-,-,-,D,P,L,V,V,A,A,L,H,L,C,I,A,L,G,Y,A,N,S,S,L,N,P,V,L,Y,A,F,L,-,-,-,D,E,N,F,K,R,C,F,R,Q,L,C,R,T,-,-,-,-,-,-,-,-,-,P,C,G,R,Q,E,P,G,S,L,R,R,P,R,Q,A,T,T,R,E,R,V,T,A,C,T,P,S,D,G,P,G,G,G,A,A,A,-,-,-,-,-,-,-,-,-,-,-,-,-,-,-,-,-,-,-,-,-,-,-,-,-,-,-,-,-,-,-,-,-,-,-,-,-,-,-,-,-,-,-,-,-,-,-,-,-,-,-,-,-,-,-,-,-,-,-,-,-,-,-,-,-,-,-,-,-,-,-,-,-,-,-,-,-,-,-,-,-,-,-,-,-,-,-,-
oprk_human,-,-,-,-,-,-,-,-,-,-,-,-,-,-,-,-,-,-,-,-,-,-,-,-,-,-,-,-,-,-,-,-,-,-,-,-,-,-,-,-,-,-,-,-,-,-,-,-,-,-,-,-,-,-,-,M,D,S,P,I,Q,I,F,R,G,E,P,G,P,T,C,A,P,S,A,C,L,P,P,N,S,S,A,W,F,P,G,W,A,E,P,D,S,N,G,S,A,G,S,E,D,A,Q,L,E,P,A,H,I,S,P,-,-,-,-,-,-,-,-,A,I,P,V,I,I,T,A,V,Y,S,V,-,V,F,V,V,G,L,V,G,N,S,L,V,M,F,V,I,I,R,Y,-,-,-,-,-,-,-,T,K,M,K,-,-,-,-,-,-,T,A,T,N,I,Y,I,F,N,L,A,L,A,D,A,L,V,T,T,-,T,M,P,-,F,Q,S,T,V,Y,L,M,-,-,N,-,-,-,-,S,W,-,P,F,-,-,-,-,-,G,D,V,L,C,K,I,V,I,S,I,D,Y,Y,N,M,F,T,S,I,F,T,L,T,M,M,S,V,D,R,Y,I,A,V,C,H,-,-,-,P,V,K,A,L,D,F,R,-,-,-,-,-,-,-,T,P,L,K,A,K,I,I,N,I,C,I,W,L,L,S,S,S,V,G,I,S,A,I,V,L,G,-,-,-,-,-,G,T,K,V,R,E,D,V,D,V,I,E,-,-,-,-,-,-,-,-,-,-,-,C,S,L,-,-,-,-,Q,F,P,D,D,-,-,D,Y,S,W,W,D,L,F,M,K,I,-,C,V,F,I,F,A,F,V,I,P,V,L,I,I,I,V,C,Y,T,L,M,I,L,R,L,K,S,V,-,-,-,-,-,-,-,-,-,R,L,L,-,-,-,-,-,-,-,-,-,-,-,-,-,-,-,-,-,-,-,-,-,-,-,-,-,-,-,-,-,-,-,-,-,-,-,-,-,-,-,-,-,-,-,-,-,-,-,-,-,-,-,-,-,-,-,-,-,-,-,-,-,-,-,-,-,-,-,-,-,-,-,-,-,-,-,-,-,-,-,-,-,-,-,-,-,-,-,-,-,-,-,-,-,-,-,-,-,-,-,-,-,-,-,-,-,-,-,-,-,-,-,-,-,-,-,-,-,-,-,-,-,-,-,-,-,-,-,-,-,-,-,-,-,-,-,-,-,-,-,-,-,-,-,-,-,-,-,-,-,-,-,-,-,-,-,-,-,-,-,-,-,-,-,-,-,-,-,-,-,-,-,-,-,-,-,-,-,-,-,-,-,-,-,-,-,-,-,-,-,-,-,-,-,-,-,-,-,-,-,-,-,-,-,-,-,-,S,G,-,-,-,-,-,S,R,E,K,D,R,N,L,R,R,I,T,R,L,V,L,V,V,V,A,V,F,V,V,-,C,W,T,P,I,H,I,F,I,L,V,E,A,L,G,-,-,-,-,S,T,-,-,-,-,S,H,-,-,-,-,S,T,A,A,L,S,S,Y,Y,F,C,I,A,L,G,Y,T,N,S,S,L,N,P,I,L,Y,A,F,L,-,-,-,D,E,N,F,K,R,C,F,R,D,F,C,F,-,-,-,-,-,-,-,-,-,-,P,L,K,M,R,M,E,R,Q,S,T,S,R,V,R,N,T,V,Q,D,P,A,Y,L,R,D,I,D,G,M,N,K,P,V,-,-,-,-,-,-,-,-,-,-,-,-,-,-,-,-,-,-,-,-,-,-,-,-,-,-,-,-,-,-,-,-,-,-,-,-,-,-,-,-,-,-,-,-,-,-,-,-,-,-,-,-,-,-,-,-,-,-,-,-,-,-,-,-,-,-,-,-,-,-,-,-,-,-,-,-,-,-,-,-,-,-,-,-,-,-,-,-,-,-,-
oprm_mouse,-,-,-,-,-,-,-,-,-,-,-,-,-,-,-,-,-,-,-,-,-,-,-,-,-,-,-,-,-,-,-,-,-,-,-,-,-,-,-,-,-,-,-,-,-,-,-,M,D,S,S,A,G,P,G,N,I,S,D,C,S,D,P,L,A,P,A,S,C,S,P,A,P,G,S,W,L,N,L,S,H,V,D,G,N,Q,S,D,P,C,G,P,N,R,T,G,L,G,G,S,H,S,L,C,P,Q,T,G,S,P,S,-,-,-,-,-,-,-,M,V,T,A,I,T,I,M,A,L,Y,S,I,-,V,C,V,V,G,L,F,G,N,F,L,V,M,Y,V,I,V,R,Y,-,-,-,-,-,-,-,T,K,M,K,-,-,-,-,-,-,T,A,T,N,I,Y,I,F,N,L,A,L,A,D,A,L,A,T,S,-,T,L,P,-,F,Q,S,V,N,Y,L,M,-,-,G,-,-,-,-,T,W,-,P,F,-,-,-,-,-,G,N,I,L,C,K,I,V,I,S,I,D,Y,Y,N,M,F,T,S,I,F,T,L,C,T,M,S,V,D,R,Y,I,A,V,C,H,-,-,-,P,V,K,A,L,D,F,R,-,-,-,-,-,-,-,T,P,R,N,A,K,I,V,N,V,C,N,W,I,L,S,S,A,I,G,L,P,V,M,F,M,A,-,-,-,-,-,T,T,K,Y,R,Q,G,S,I,D,-,-,-,-,-,-,-,-,-,-,-,-,-,C,T,L,-,-,-,-,T,F,S,H,P,-,-,-,T,W,Y,W,E,N,L,L,K,I,-,C,V,F,I,F,A,F,I,M,P,V,L,I,I,T,V,C,Y,G,L,M,I,L,R,L,K,S,V,-,-,-,-,-,-,-,-,-,R,M,L,-,-,-,-,-,-,-,-,-,-,-,-,-,-,-,-,-,-,-,-,-,-,-,-,-,-,-,-,-,-,-,-,-,-,-,-,-,-,-,-,-,-,-,-,-,-,-,-,-,-,-,-,-,-,-,-,-,-,-,-,-,-,-,-,-,-,-,-,-,-,-,-,-,-,-,-,-,-,-,-,-,-,-,-,-,-,-,-,-,-,-,-,-,-,-,-,-,-,-,-,-,-,-,-,-,-,-,-,-,-,-,-,-,-,-,-,-,-,-,-,-,-,-,-,-,-,-,-,-,-,-,-,-,-,-,-,-,-,-,-,-,-,-,-,-,-,-,-,-,-,-,-,-,-,-,-,-,-,-,-,-,-,-,-,-,-,-,-,-,-,-,-,-,-,-,-,-,-,-,-,-,-,-,-,-,-,-,-,-,-,-,-,-,-,-,-,-,-,-,-,-,-,-,-,-,-,S,G,-,-,-,-,-,S,K,E,K,D,R,N,L,R,R,I,T,R,M,V,L,V,V,V,A,V,F,I,V,-,C,W,T,P,I,H,I,Y,V,I,I,K,A,L,I,-,-,-,-,T,I,-,-,-,-,P,E,-,-,-,-,T,T,F,Q,T,V,S,W,H,F,C,I,A,L,G,Y,T,N,S,C,L,N,P,V,L,Y,A,F,L,-,-,-,D,E,N,F,K,R,C,F,R,E,F,C,I,-,-,-,-,-,-,-,-,-,-,P,T,S,S,T,I,E,Q,Q,N,S,A,R,I,R,Q,N,T,R,E,H,P,S,T,A,N,T,V,D,R,T,N,H,Q,L,E,N,L,E,A,E,T,A,P,L,P,-,-,-,-,-,-,-,-,-,-,-,-,-,-,-,-,-,-,-,-,-,-,-,-,-,-,-,-,-,-,-,-,-,-,-,-,-,-,-,-,-,-,-,-,-,-,-,-,-,-,-,-,-,-,-,-,-,-,-,-,-,-,-,-,-,-,-,-,-,-,-,-,-,-,-,-,-,-,-
oprx_human,-,-,-,-,-,-,-,-,-,-,-,-,-,-,-,-,-,-,-,-,-,-,-,-,-,-,-,-,-,-,-,-,-,-,-,-,-,-,-,-,-,-,-,-,-,-,-,-,-,-,-,-,-,-,-,-,-,-,-,-,-,-,-,-,M,E,P,L,F,P,A,P,F,W,E,V,I,Y,G,S,H,L,Q,G,N,L,S,L,L,S,P,N,H,S,L,L,P,P,H,L,L,L,N,A,S,H,G,A,F,L,P,-,-,-,-,-,-,-,L,G,L,K,V,T,I,V,G,L,Y,L,A,-,V,C,V,G,G,L,L,G,N,C,L,V,M,Y,V,I,L,R,H,-,-,-,-,-,-,-,T,K,M,K,-,-,-,-,-,-,T,A,T,N,I,Y,I,F,N,L,A,L,A,D,T,L,V,L,L,-,T,L,P,-,F,Q,G,T,D,I,L,L,-,-,G,-,-,-,-,F,W,-,P,F,-,-,-,-,-,G,N,A,L,C,K,T,V,I,A,I,D,Y,Y,N,M,F,T,S,T,F,T,L,T,A,M,S,V,D,R,Y,V,A,I,C,H,-,-,-,P,I,R,A,L,D,V,R,-,-,-,-,-,-,-,T,S,S,K,A,Q,A,V,N,V,A,I,W,A,L,A,S,V,V,G,V,P,V,A,I,M,G,-,-,-,-,-,S,A,Q,V,E,D,E,E,I,E,-,-,-,-,-,-,-,-,-,-,-,-,-,C,L,V,-,-,-,-,E,I,P,T,P,-,-,-,Q,D,Y,W,G,P,V,F,A,I,-,C,I,F,L,F,S,F,I,V,P,V,L,V,I,S,V,C,Y,S,L,M,I,R,R,L,R,G,V,-,-,-,-,-,-,-,-,-,R,L,L,-,-,-,-,-,-,-,-,-,-,-,-,-,-,-,-,-,-,-,-,-,-,-,-,-,-,-,-,-,-,-,-,-,-,-,-,-,-,-,-,-,-,-,-,-,-,-,-,-,-,-,-,-,-,-,-,-,-,-,-,-,-,-,-,-,-,-,-,-,-,-,-,-,-,-,-,-,-,-,-,-,-,-,-,-,-,-,-,-,-,-,-,-,-,-,-,-,-,-,-,-,-,-,-,-,-,-,-,-,-,-,-,-,-,-,-,-,-,-,-,-,-,-,-,-,-,-,-,-,-,-,-,-,-,-,-,-,-,-,-,-,-,-,-,-,-,-,-,-,-,-,-,-,-,-,-,-,-,-,-,-,-,-,-,-,-,-,-,-,-,-,-,-,-,-,-,-,-,-,-,-,-,-,-,-,-,-,-,-,-,-,-,-,-,-,-,-,-,-,-,-,-,-,-,-,-,S,G,-,-,-,-,-,S,R,E,K,D,R,N,L,R,R,I,T,R,L,V,L,V,V,V,A,V,F,V,G,-,C,W,T,P,V,Q,V,F,V,L,A,Q,G,L,G,-,-,-,-,V,Q,-,-,-,-,P,S,-,-,-,-,S,E,T,A,V,A,I,L,R,F,C,T,A,L,G,Y,V,N,S,C,L,N,P,I,L,Y,A,F,L,-,-,-,D,E,N,F,K,A,C,F,R,K,F,C,C,-,-,-,-,-,-,-,-,-,-,A,S,A,L,R,R,D,V,Q,V,S,D,R,V,R,S,I,A,K,D,V,A,L,A,C,K,T,S,E,T,V,P,R,P,A,-,-,-,-,-,-,-,-,-,-,-,-,-,-,-,-,-,-,-,-,-,-,-,-,-,-,-,-,-,-,-,-,-,-,-,-,-,-,-,-,-,-,-,-,-,-,-,-,-,-,-,-,-,-,-,-,-,-,-,-,-,-,-,-,-,-,-,-,-,-,-,-,-,-,-,-,-,-,-,-,-,-,-,-,-,-,-,-,-,-
ox1r_human,-,-,-,-,-,-,-,-,-,-,-,-,-,-,-,-,-,-,-,-,-,-,-,-,-,-,-,-,-,-,-,-,-,-,-,-,-,-,-,-,-,-,-,-,-,-,-,-,-,-,-,-,-,-,-,-,-,-,-,-,-,-,-,-,-,-,M,E,P,S,A,T,P,G,A,Q,M,G,V,P,P,G,S,R,E,P,S,P,V,P,P,D,Y,E,D,E,F,L,R,Y,L,W,R,D,Y,L,Y,P,K,Q,Y,-,-,-,-,-,-,-,-,-,-,E,W,V,L,I,A,A,Y,V,A,-,V,F,V,V,A,L,V,G,N,T,L,V,C,L,A,V,W,R,N,-,-,-,-,-,-,-,H,H,M,R,-,-,-,-,-,-,T,V,T,N,Y,F,I,V,N,L,S,L,A,D,V,L,V,T,A,I,C,L,P,-,A,S,L,L,V,D,I,T,-,-,E,-,-,-,-,S,W,-,L,F,-,-,-,-,-,G,H,A,L,C,K,V,I,P,Y,L,Q,A,V,S,V,S,V,A,V,L,T,L,S,F,I,A,L,D,R,W,Y,A,I,C,H,-,-,-,P,L,L,F,-,-,-,-,-,-,K,S,-,-,-,T,A,R,R,A,R,G,S,I,L,G,I,W,A,V,S,L,A,I,M,-,V,P,Q,A,A,V,M,-,-,-,-,E,C,S,S,V,L,P,E,L,A,N,R,T,R,L,F,S,V,-,-,-,-,-,C,D,E,-,-,-,-,-,R,W,A,D,-,-,-,-,D,L,Y,P,K,I,Y,H,S,-,C,F,F,I,V,T,Y,L,A,P,L,G,L,M,A,M,A,Y,F,Q,I,F,R,K,L,W,G,R,Q,I,P,-,-,-,-,-,-,G,T,T,S,A,L,V,R,N,W,K,R,P,S,D,Q,L,-,-,-,-,-,-,-,-,-,-,-,-,-,-,-,-,-,-,-,-,-,-,-,-,-,-,-,-,-,-,-,-,-,-,-,-,-,-,-,-,-,-,-,-,-,-,-,-,-,-,-,-,-,-,-,-,-,-,-,-,-,-,-,-,-,-,-,-,-,-,-,-,-,-,-,-,-,-,-,-,-,-,-,-,-,-,-,-,-,-,-,-,-,-,-,-,-,-,-,-,-,-,-,-,-,-,-,-,-,-,-,-,-,-,-,-,-,-,-,-,-,-,-,-,-,-,-,-,-,-,-,-,-,-,-,-,-,-,-,-,-,-,-,-,-,-,-,-,-,-,-,-,-,-,-,-,-,-,-,-,-,-,-,-,-,-,-,-,-,-,-,-,-,-,-,-,-,G,D,L,E,Q,G,L,S,G,E,P,Q,P,R,A,R,A,-,-,F,L,A,E,V,K,Q,M,R,A,R,R,K,T,A,K,M,L,M,V,V,L,L,V,F,A,L,-,C,Y,L,P,I,S,V,L,N,V,L,K,R,V,F,-,-,-,-,G,M,F,R,Q,A,S,D,-,-,-,-,R,E,A,V,Y,A,C,F,T,F,S,H,W,L,V,Y,A,N,S,A,A,N,P,I,I,Y,N,F,L,-,-,-,S,G,K,F,R,E,Q,F,K,A,A,F,-,-,-,-,-,-,-,-,-,-,-,S,C,C,L,P,G,L,G,P,C,G,S,L,K,A,P,S,P,R,S,S,A,S,H,K,S,L,S,L,Q,S,R,C,S,I,S,K,I,S,E,H,V,V,L,T,S,V,T,T,V,L,P,-,-,-,-,-,-,-,-,-,-,-,-,-,-,-,-,-,-,-,-,-,-,-,-,-,-,-,-,-,-,-,-,-,-,-,-,-,-,-,-,-,-,-,-,-,-,-,-,-,-,-,-,-,-,-,-,-,-,-,-,-,-,-,-,-,-,-,-,-,-,-,-,-
ox2r_human,-,-,-,-,-,-,-,-,-,-,-,-,-,-,-,-,-,-,-,-,-,-,-,-,-,-,-,-,-,-,-,-,-,-,-,-,-,-,-,-,-,-,-,-,-,-,-,-,-,-,-,-,-,-,-,-,-,-,-,M,S,G,T,K,L,E,D,S,P,P,C,R,N,W,S,S,A,S,E,L,N,E,T,Q,E,P,F,L,N,P,T,D,Y,D,D,E,E,F,L,R,Y,L,W,R,E,Y,L,H,P,K,E,-,-,-,-,-,-,-,-,-,Y,E,W,V,L,I,A,G,Y,I,I,-,V,F,V,V,A,L,I,G,N,V,L,V,C,V,A,V,W,K,N,-,-,-,-,-,-,-,H,H,M,R,-,-,-,-,-,-,T,V,T,N,Y,F,I,V,N,L,S,L,A,D,V,L,V,T,I,T,C,L,P,-,A,T,L,V,V,D,I,T,E,-,-,-,-,-,-,T,W,-,F,F,-,-,-,-,-,G,Q,S,L,C,K,V,I,P,Y,L,Q,T,V,S,V,S,V,S,V,L,T,L,S,C,I,A,L,D,R,W,Y,A,I,C,H,-,-,-,P,L,M,F,-,-,-,-,-,-,K,S,-,-,-,T,A,K,R,A,R,N,S,I,V,I,I,W,I,V,S,C,I,I,M,-,I,P,Q,A,I,V,M,-,-,-,-,E,C,S,T,V,F,P,G,L,A,N,K,T,T,L,F,T,V,-,-,-,-,-,C,D,E,-,-,-,-,R,W,G,G,E,-,-,-,-,-,I,Y,P,K,M,Y,H,I,-,C,F,F,L,V,T,Y,M,A,P,L,C,L,M,V,L,A,Y,L,Q,I,F,R,K,L,W,C,R,Q,I,P,-,-,-,-,-,-,G,T,S,S,V,V,Q,R,K,W,K,P,L,Q,P,V,-,-,-,-,-,-,-,-,-,-,-,-,-,-,-,-,-,-,-,-,-,-,-,-,-,-,-,-,-,-,-,-,-,-,-,-,-,-,-,-,-,-,-,-,-,-,-,-,-,-,-,-,-,-,-,-,-,-,-,-,-,-,-,-,-,-,-,-,-,-,-,-,-,-,-,-,-,-,-,-,-,-,-,-,-,-,-,-,-,-,-,-,-,-,-,-,-,-,-,-,-,-,-,-,-,-,-,-,-,-,-,-,-,-,-,-,-,-,-,-,-,-,-,-,-,-,-,-,-,-,-,-,-,-,-,-,-,-,-,-,-,-,-,-,-,-,-,-,-,-,-,-,-,-,-,-,-,-,-,-,-,-,-,-,-,-,-,-,-,-,-,-,-,-,-,-,-,-,-,S,Q,P,R,G,P,G,Q,P,T,K,S,R,M,S,A,-,-,V,A,A,E,I,K,Q,I,R,A,R,R,K,T,A,R,M,L,M,I,V,L,L,V,F,A,I,-,C,Y,L,P,I,S,I,L,N,V,L,K,R,V,F,-,-,-,-,G,M,F,A,-,H,T,E,-,-,-,D,R,E,T,V,Y,A,W,F,T,F,S,H,W,L,V,Y,A,N,S,A,A,N,P,I,I,Y,N,F,L,-,-,-,S,G,K,F,R,E,E,F,K,A,A,F,-,-,-,-,-,-,-,-,-,-,-,S,C,C,C,L,G,V,H,H,R,Q,E,D,R,L,T,R,G,R,T,S,T,E,S,R,K,S,L,T,T,Q,I,S,N,F,D,N,I,S,K,L,S,E,Q,V,V,L,T,S,I,S,T,L,P,A,A,N,G,A,G,P,L,Q,N,W,-,-,-,-,-,-,-,-,-,-,-,-,-,-,-,-,-,-,-,-,-,-,-,-,-,-,-,-,-,-,-,-,-,-,-,-,-,-,-,-,-,-,-,-,-,-,-,-,-,-,-,-,-,-,-,-,-,-,-,-
par1_human,-,-,-,-,-,-,-,-,-,-,-,-,-,M,G,P,R,R,L,L,L,V,A,A,C,F,S,L,C,G,P,L,L,S,A,R,T,R,A,R,R,P,E,S,K,A,T,N,A,T,L,D,P,R,S,F,L,L,R,N,P,N,D,K,Y,E,P,F,W,E,D,E,E,K,N,E,S,G,L,T,E,Y,R,L,V,S,I,N,K,S,S,P,L,Q,K,Q,L,P,A,F,I,S,E,D,A,S,G,Y,L,T,S,-,-,-,-,-,-,-,S,W,L,T,L,F,V,P,S,V,Y,T,G,-,V,F,V,V,S,L,P,L,N,I,M,A,I,V,V,F,I,L,K,-,-,-,-,-,-,-,M,K,V,K,-,-,-,-,-,-,K,P,A,V,V,Y,M,L,H,L,A,T,A,D,V,L,F,V,S,-,V,L,P,-,F,K,I,S,Y,Y,F,S,-,-,G,S,-,-,-,D,W,-,Q,F,-,-,-,-,-,G,S,E,L,C,R,F,V,T,A,A,F,Y,C,N,M,Y,A,S,I,L,L,M,T,V,I,S,I,D,R,F,L,A,V,V,Y,-,-,-,P,M,Q,S,L,S,W,R,-,-,-,-,-,-,-,T,L,G,R,A,S,F,T,C,L,A,I,W,A,L,A,I,A,G,V,-,V,P,L,L,L,K,-,-,-,-,-,E,Q,T,I,Q,V,P,G,L,N,I,T,T,-,-,-,-,-,-,-,-,-,-,C,H,D,-,-,V,L,N,E,T,L,L,-,-,-,E,G,Y,Y,A,Y,Y,F,S,A,-,F,S,A,V,F,-,F,F,V,P,L,I,I,S,T,V,C,Y,V,S,I,I,R,C,L,S,S,-,-,-,-,-,-,-,-,-,-,S,A,-,-,-,-,-,-,-,-,-,-,-,-,-,-,-,-,-,-,-,-,-,-,-,-,-,-,-,-,-,-,-,-,-,-,-,-,-,-,-,-,-,-,-,-,-,-,-,-,-,-,-,-,-,-,-,-,-,-,-,-,-,-,-,-,-,-,-,-,-,-,-,-,-,-,-,-,-,-,-,-,-,-,-,-,-,-,-,-,-,-,-,-,-,-,-,-,-,-,-,-,-,-,-,-,-,-,-,-,-,-,-,-,-,-,-,-,-,-,-,-,-,-,-,-,-,-,-,-,-,-,-,-,-,-,-,-,-,-,-,-,-,-,-,-,-,-,-,-,-,-,-,-,-,-,-,-,-,-,-,-,-,-,-,-,-,-,-,-,-,-,-,-,-,-,-,-,-,-,-,-,-,-,-,-,-,-,-,-,-,-,-,-,-,-,-,-,-,-,-,-,-,-,-,-,-,-,-,V,A,-,-,-,-,-,-,-,-,-,N,R,S,K,K,S,R,A,L,F,L,S,A,A,V,F,C,I,F,I,I,C,F,G,P,T,N,V,L,L,I,A,H,Y,S,F,L,-,-,-,S,H,T,-,-,-,S,T,-,-,-,-,T,E,A,A,Y,F,A,Y,L,L,C,V,C,V,S,S,I,S,C,C,I,D,P,L,I,Y,Y,Y,A,-,-,-,S,S,E,C,Q,R,Y,V,Y,S,I,L,C,C,K,-,-,-,-,-,-,-,-,E,S,S,D,P,S,S,Y,N,S,S,G,Q,L,M,A,S,K,M,D,T,C,S,S,N,L,N,N,S,I,Y,K,K,L,L,T,-,-,-,-,-,-,-,-,-,-,-,-,-,-,-,-,-,-,-,-,-,-,-,-,-,-,-,-,-,-,-,-,-,-,-,-,-,-,-,-,-,-,-,-,-,-,-,-,-,-,-,-,-,-,-,-,-,-,-,-,-,-,-,-,-,-,-,-,-,-,-,-,-,-,-,-,-,-,-,-,-,-,-,-,-,-,-,-,-
par2_human,-,-,-,-,-,-,-,-,-,-,-,-,-,-,-,-,-,-,-,-,-,-,-,-,-,-,-,-,-,-,-,-,-,-,-,-,-,-,-,-,-,M,R,S,P,S,A,A,W,L,L,G,A,A,I,L,L,A,A,S,L,S,C,S,G,T,I,Q,G,T,N,R,S,S,K,G,R,S,L,I,G,K,V,D,G,T,S,H,V,T,G,K,G,V,T,V,E,T,V,F,S,V,D,E,F,S,A,S,V,L,T,-,-,-,-,-,-,G,K,L,T,T,V,F,L,P,I,V,Y,T,I,-,V,F,V,V,G,L,P,S,N,G,M,A,L,W,V,F,L,F,R,-,-,-,-,T,K,-,-,-,-,-,-,K,K,-,-,-,H,P,A,V,I,Y,M,A,N,L,A,L,A,D,L,L,S,V,I,-,W,F,P,-,L,K,I,A,Y,H,I,H,-,-,G,N,-,-,-,N,W,-,I,Y,-,-,-,-,-,G,E,A,L,C,N,V,L,I,G,F,F,Y,G,N,M,Y,C,S,I,L,F,M,T,C,L,S,V,Q,R,Y,W,V,I,V,N,-,-,-,P,M,G,H,S,R,K,-,-,-,-,-,-,-,-,K,A,N,I,A,I,G,I,S,L,A,I,W,L,L,I,L,L,V,T,-,I,P,L,Y,V,-,-,-,-,-,-,V,K,Q,T,I,F,I,P,A,L,N,I,T,T,-,-,-,-,-,-,-,-,-,C,H,D,-,-,-,V,L,P,E,Q,L,-,-,-,L,V,G,D,M,F,N,Y,F,L,-,S,L,A,I,G,V,F,L,F,P,A,F,L,T,A,S,A,Y,V,L,M,I,R,M,L,R,S,S,-,-,-,-,-,-,-,-,-,A,M,-,-,-,-,-,-,-,-,-,-,-,-,-,-,-,-,-,-,-,-,-,-,-,-,-,-,-,-,-,-,-,-,-,-,-,-,-,-,-,-,-,-,-,-,-,-,-,-,-,-,-,-,-,-,-,-,-,-,-,-,-,-,-,-,-,-,-,-,-,-,-,-,-,-,-,-,-,-,-,-,-,-,-,-,-,-,-,-,-,-,-,-,-,-,-,-,-,-,-,-,-,-,-,-,-,-,-,-,-,-,-,-,-,-,-,-,-,-,-,-,-,-,-,-,-,-,-,-,-,-,-,-,-,-,-,-,-,-,-,-,-,-,-,-,-,-,-,-,-,-,-,-,-,-,-,-,-,-,-,-,-,-,-,-,-,-,-,-,-,-,-,-,-,-,-,-,-,-,-,-,-,-,-,-,-,-,-,-,-,-,-,-,-,-,-,-,-,-,-,-,-,-,-,-,-,-,-,-,D,-,-,-,-,-,-,-,E,N,S,E,K,K,R,K,R,A,I,K,L,I,V,T,V,L,A,M,Y,L,I,C,F,T,P,S,N,L,L,L,V,V,H,Y,F,L,I,-,-,-,K,S,-,-,-,-,Q,G,-,-,-,-,Q,S,H,V,Y,A,L,Y,I,V,A,L,C,L,S,T,L,N,S,C,I,D,P,F,V,Y,Y,F,V,-,-,-,S,H,D,F,R,D,H,A,K,N,A,L,L,C,R,-,-,-,-,-,-,-,-,S,V,R,T,V,K,Q,M,Q,V,S,L,T,S,K,K,H,S,R,K,S,S,S,Y,S,S,S,S,T,T,V,K,T,S,Y,-,-,-,-,-,-,-,-,-,-,-,-,-,-,-,-,-,-,-,-,-,-,-,-,-,-,-,-,-,-,-,-,-,-,-,-,-,-,-,-,-,-,-,-,-,-,-,-,-,-,-,-,-,-,-,-,-,-,-,-,-,-,-,-,-,-,-,-,-,-,-,-,-,-,-,-,-,-,-,-,-,-,-,-,-,-,-,-,-,-
ccr2_human,-,-,-,-,-,-,-,-,-,-,-,-,-,-,-,-,-,-,-,-,-,-,-,-,-,-,-,-,-,-,-,-,-,-,-,-,-,-,-,-,-,-,-,-,-,-,-,-,-,-,-,-,-,-,-,-,-,-,-,-,-,-,-,-,-,-,-,-,-,-,-,-,-,-,-,M,L,S,T,S,R,S,R,F,I,R,N,T,N,E,S,G,E,E,V,T,T,F,F,D,Y,D,Y,G,A,P,C,H,K,F,D,-,-,-,-,-,V,K,Q,I,G,A,Q,L,L,P,P,L,Y,S,L,-,V,F,I,F,G,F,V,G,N,M,L,V,V,L,I,L,I,N,C,-,-,-,-,-,-,-,K,K,L,K,-,-,-,-,-,-,C,L,T,D,I,Y,L,L,N,L,A,I,S,D,L,L,F,L,I,-,T,L,P,-,L,W,A,H,S,A,A,N,-,-,-,-,-,-,-,E,W,-,V,F,-,-,-,-,-,G,N,A,M,C,K,L,F,T,G,L,Y,H,I,G,Y,F,G,G,I,F,F,I,I,L,L,T,I,D,R,Y,L,A,I,V,H,-,-,-,A,V,F,A,L,K,A,R,-,-,-,-,-,-,-,T,V,T,F,G,V,V,T,S,V,I,T,W,L,V,A,V,F,A,S,-,V,P,G,I,I,F,T,-,-,-,-,K,C,Q,K,E,D,S,V,Y,V,-,-,-,-,-,-,-,-,-,-,-,-,-,C,G,P,-,-,-,-,-,-,-,Y,F,-,-,-,P,R,G,W,N,N,F,H,T,I,-,M,R,N,I,L,G,L,V,L,P,L,L,I,M,V,I,C,Y,S,G,I,L,K,T,L,L,R,C,-,-,-,-,-,-,-,-,-,R,N,-,-,-,-,-,-,-,-,-,-,-,-,-,-,-,-,-,-,-,-,-,-,-,-,-,-,-,-,-,-,-,-,-,-,-,-,-,-,-,-,-,-,-,-,-,-,-,-,-,-,-,-,-,-,-,-,-,-,-,-,-,-,-,-,-,-,-,-,-,-,-,-,-,-,-,-,-,-,-,-,-,-,-,-,-,-,-,-,-,-,-,-,-,-,-,-,-,-,-,-,-,-,-,-,-,-,-,-,-,-,-,-,-,-,-,-,-,-,-,-,-,-,-,-,-,-,-,-,-,-,-,-,-,-,-,-,-,-,-,-,-,-,-,-,-,-,-,-,-,-,-,-,-,-,-,-,-,-,-,-,-,-,-,-,-,-,-,-,-,-,-,-,-,-,-,-,-,-,-,-,-,-,-,-,-,-,-,-,-,-,-,-,-,-,-,-,-,-,-,-,-,-,-,-,-,-,-,-,E,-,-,-,-,-,-,-,-,-,-,K,K,R,H,R,A,V,R,V,I,F,T,I,M,I,V,Y,F,L,-,F,W,T,P,Y,N,I,V,I,L,L,N,T,F,Q,E,F,F,G,L,-,-,-,-,-,-,S,N,C,E,S,T,S,Q,L,D,Q,A,T,Q,V,T,E,T,L,G,M,T,H,C,C,I,N,P,I,I,Y,A,F,V,-,-,-,G,E,K,F,R,S,L,F,H,I,A,L,-,-,-,-,-,-,-,-,-,-,-,G,C,R,I,A,P,L,Q,K,P,V,C,G,G,P,G,V,R,P,G,K,N,V,K,V,T,T,Q,G,L,L,D,G,R,G,K,G,K,S,I,G,R,A,P,E,A,S,L,Q,D,K,E,G,A,-,-,-,-,-,-,-,-,-,-,-,-,-,-,-,-,-,-,-,-,-,-,-,-,-,-,-,-,-,-,-,-,-,-,-,-,-,-,-,-,-,-,-,-,-,-,-,-,-,-,-,-,-,-,-,-,-,-,-,-,-,-,-,-,-,-,-,-,-,-,-
ccr5_human,-,-,-,-,-,-,-,-,-,-,-,-,-,-,-,-,-,-,-,-,-,-,-,-,-,-,-,-,-,-,-,-,-,-,-,-,-,-,-,-,-,-,-,-,-,-,-,-,-,-,-,-,-,-,-,-,-,-,-,-,-,-,-,-,-,-,-,-,-,-,-,-,-,-,-,-,-,-,-,-,-,-,-,-,-,-,-,-,-,-,M,D,Y,Q,V,S,S,P,I,Y,D,I,N,Y,Y,T,S,E,P,C,Q,-,-,K,I,N,V,K,Q,I,A,A,R,L,L,P,P,L,Y,S,L,-,V,F,I,F,G,F,V,G,N,M,L,V,I,L,I,L,I,N,C,-,-,-,-,-,-,-,K,R,L,K,-,-,-,-,-,-,S,M,T,D,I,Y,L,L,N,L,A,I,S,D,L,F,F,L,L,-,T,V,P,-,F,W,A,H,Y,A,A,A,-,-,-,-,-,-,-,Q,W,-,D,F,-,-,-,-,-,G,N,T,M,C,Q,L,L,T,G,L,Y,F,I,G,F,F,S,G,I,F,F,I,I,L,L,T,I,D,R,Y,L,A,V,V,H,-,-,-,A,V,F,A,L,K,A,R,-,-,-,-,-,-,-,T,V,T,F,G,V,V,T,S,V,I,T,W,V,V,A,V,F,A,S,-,L,P,G,I,I,F,T,-,-,-,-,R,S,Q,K,E,G,L,H,Y,T,-,-,-,-,-,-,-,-,-,-,-,-,-,C,S,S,-,-,-,-,H,F,P,Y,S,-,-,Q,Y,Q,F,W,K,N,F,Q,T,L,-,K,I,V,I,L,G,L,V,L,P,L,L,V,M,V,I,C,Y,S,G,I,L,K,T,L,L,R,C,-,-,-,-,-,-,-,-,-,R,N,-,-,-,-,-,-,-,-,-,-,-,-,-,-,-,-,-,-,-,-,-,-,-,-,-,-,-,-,-,-,-,-,-,-,-,-,-,-,-,-,-,-,-,-,-,-,-,-,-,-,-,-,-,-,-,-,-,-,-,-,-,-,-,-,-,-,-,-,-,-,-,-,-,-,-,-,-,-,-,-,-,-,-,-,-,-,-,-,-,-,-,-,-,-,-,-,-,-,-,-,-,-,-,-,-,-,-,-,-,-,-,-,-,-,-,-,-,-,-,-,-,-,-,-,-,-,-,-,-,-,-,-,-,-,-,-,-,-,-,-,-,-,-,-,-,-,-,-,-,-,-,-,-,-,-,-,-,-,-,-,-,-,-,-,-,-,-,-,-,-,-,-,-,-,-,-,-,-,-,-,-,-,-,-,-,-,-,-,-,-,-,-,-,-,-,-,-,-,-,-,-,-,-,-,-,-,-,-,E,-,-,-,-,-,-,-,-,-,-,K,K,R,H,R,A,V,R,L,I,F,T,I,M,I,V,Y,F,L,-,F,W,A,P,Y,N,I,V,L,L,L,N,T,F,Q,E,F,F,G,L,-,-,-,-,-,-,N,N,C,S,S,S,N,R,L,D,Q,A,M,Q,V,T,E,T,L,G,M,T,H,C,C,I,N,P,I,I,Y,A,F,V,-,-,-,G,E,K,F,R,N,Y,L,L,V,F,F,Q,-,-,-,-,-,-,-,-,-,-,K,H,I,A,K,R,F,C,K,C,C,S,I,F,Q,Q,E,A,P,E,R,A,S,S,V,Y,T,R,S,T,G,E,Q,E,I,S,V,G,L,-,-,-,-,-,-,-,-,-,-,-,-,-,-,-,-,-,-,-,-,-,-,-,-,-,-,-,-,-,-,-,-,-,-,-,-,-,-,-,-,-,-,-,-,-,-,-,-,-,-,-,-,-,-,-,-,-,-,-,-,-,-,-,-,-,-,-,-,-,-,-,-,-,-,-,-,-,-,-,-,-,-,-,-,-,-
ccr9_human,-,-,-,-,-,-,-,-,-,-,-,-,-,-,-,-,-,-,-,-,-,-,-,-,-,-,-,-,-,-,-,-,-,-,-,-,-,-,-,-,-,-,-,-,-,-,-,-,-,-,-,-,-,-,-,-,-,-,-,-,-,-,-,-,-,-,-,-,-,M,T,P,T,D,F,T,S,P,I,P,N,M,A,D,D,Y,G,S,E,S,T,S,S,M,E,D,Y,V,N,F,N,F,T,D,F,Y,C,E,K,N,N,-,-,-,-,-,V,R,Q,F,A,S,H,F,L,P,P,L,Y,W,L,-,V,F,I,V,G,A,L,G,N,S,L,V,I,L,V,Y,W,Y,C,-,-,-,-,-,-,-,T,R,V,K,-,-,-,-,-,-,T,M,T,D,M,F,L,L,N,L,A,I,A,D,L,L,F,L,V,-,T,L,P,-,F,W,A,I,A,A,A,D,-,-,-,-,-,-,-,Q,W,-,K,F,-,-,-,-,-,Q,T,F,M,C,K,V,V,N,S,M,Y,K,M,N,F,Y,S,C,V,L,L,I,M,C,I,S,V,D,R,Y,I,A,I,A,Q,-,-,-,A,M,R,A,H,T,W,-,-,-,-,-,R,E,K,R,L,L,Y,S,K,M,V,C,F,T,I,W,V,L,A,A,A,L,C,-,I,P,E,I,L,Y,S,-,-,-,-,Q,I,K,E,E,S,G,I,A,I,-,-,-,-,-,-,-,-,-,-,-,-,-,C,T,M,-,V,Y,P,S,D,E,S,T,-,-,-,-,-,K,L,K,S,A,V,L,T,-,L,K,V,I,L,G,F,F,L,P,F,V,V,M,A,C,C,Y,T,I,I,I,H,T,L,I,Q,A,-,-,-,-,-,-,-,-,-,K,K,-,-,-,-,-,-,-,-,-,-,-,-,-,-,-,-,-,-,-,-,-,-,-,-,-,-,-,-,-,-,-,-,-,-,-,-,-,-,-,-,-,-,-,-,-,-,-,-,-,-,-,-,-,-,-,-,-,-,-,-,-,-,-,-,-,-,-,-,-,-,-,-,-,-,-,-,-,-,-,-,-,-,-,-,-,-,-,-,-,-,-,-,-,-,-,-,-,-,-,-,-,-,-,-,-,-,-,-,-,-,-,-,-,-,-,-,-,-,-,-,-,-,-,-,-,-,-,-,-,-,-,-,-,-,-,-,-,-,-,-,-,-,-,-,-,-,-,-,-,-,-,-,-,-,-,-,-,-,-,-,-,-,-,-,-,-,-,-,-,-,-,-,-,-,-,-,-,-,-,-,-,-,-,-,-,-,-,-,-,-,-,-,-,-,-,-,-,-,-,-,-,-,-,-,-,-,-,S,S,-,-,-,-,-,-,-,-,-,-,-,-,K,H,K,A,L,K,V,T,I,T,V,L,T,V,F,V,L,-,S,Q,F,P,Y,N,C,I,L,L,V,Q,T,I,D,A,Y,A,M,F,I,-,-,-,-,-,S,N,C,A,V,S,T,N,I,D,I,C,F,Q,V,T,Q,T,I,A,F,F,H,S,C,L,N,P,V,L,Y,V,F,V,-,-,-,G,E,R,F,R,R,D,L,V,K,T,L,K,N,L,G,C,I,S,Q,A,-,-,Q,W,V,S,F,T,R,R,E,G,S,L,K,L,S,S,M,L,L,E,T,T,S,G,A,L,S,L,-,-,-,-,-,-,-,-,-,-,-,-,-,-,-,-,-,-,-,-,-,-,-,-,-,-,-,-,-,-,-,-,-,-,-,-,-,-,-,-,-,-,-,-,-,-,-,-,-,-,-,-,-,-,-,-,-,-,-,-,-,-,-,-,-,-,-,-,-,-,-,-,-,-,-,-,-,-,-,-,-,-,-,-,-,-,-,-,-,-,-,-,-,-,-,-,-
cxcr4_human,-,-,-,-,-,-,-,-,-,-,-,-,-,-,-,-,-,-,-,-,-,-,-,-,-,-,-,-,-,-,-,-,-,-,-,-,-,-,-,-,-,-,-,-,-,-,-,-,-,-,-,-,-,-,-,-,-,-,-,-,-,-,-,-,-,-,-,-,-,-,-,-,-,-,-,-,-,-,-,-,-,-,M,E,G,I,S,I,Y,T,S,D,N,Y,T,E,E,M,G,S,G,D,Y,D,S,M,K,E,P,C,F,-,-,R,E,E,N,A,N,F,N,K,I,F,L,P,T,I,Y,S,I,-,I,F,L,T,G,I,V,G,N,G,L,V,I,L,V,M,G,Y,Q,-,-,-,-,-,-,-,K,K,L,R,-,-,-,-,-,-,S,M,T,D,K,Y,R,L,H,L,S,V,A,D,L,L,F,V,I,-,T,L,P,-,F,W,A,V,D,A,V,A,-,-,-,-,-,-,-,N,W,-,Y,F,-,-,-,-,-,G,N,F,L,C,K,A,V,H,V,I,Y,T,V,N,L,Y,S,S,V,L,I,L,A,F,I,S,L,D,R,Y,L,A,I,V,H,-,-,-,A,T,N,S,Q,R,P,R,-,-,-,-,-,-,-,K,L,L,A,E,K,V,V,Y,V,G,V,W,I,P,A,L,L,L,T,-,I,P,D,F,I,F,A,-,-,-,-,N,V,S,E,A,D,D,R,Y,I,-,-,-,-,-,-,-,-,-,-,-,-,-,C,D,R,-,-,-,-,-,F,Y,P,N,-,-,-,-,D,L,W,V,V,V,F,Q,F,-,Q,H,I,M,V,G,L,I,L,P,G,I,V,I,L,S,C,Y,C,I,I,I,S,K,L,S,H,S,-,-,-,-,-,-,-,-,-,K,G,-,-,-,-,-,-,-,-,-,-,-,-,-,-,-,-,-,-,-,-,-,-,-,-,-,-,-,-,-,-,-,-,-,-,-,-,-,-,-,-,-,-,-,-,-,-,-,-,-,-,-,-,-,-,-,-,-,-,-,-,-,-,-,-,-,-,-,-,-,-,-,-,-,-,-,-,-,-,-,-,-,-,-,-,-,-,-,-,-,-,-,-,-,-,-,-,-,-,-,-,-,-,-,-,-,-,-,-,-,-,-,-,-,-,-,-,-,-,-,-,-,-,-,-,-,-,-,-,-,-,-,-,-,-,-,-,-,-,-,-,-,-,-,-,-,-,-,-,-,-,-,-,-,-,-,-,-,-,-,-,-,-,-,-,-,-,-,-,-,-,-,-,-,-,-,-,-,-,-,-,-,-,-,-,-,-,-,-,-,-,-,-,-,-,-,-,-,-,-,-,-,-,-,-,-,-,-,H,Q,-,-,-,-,-,-,-,-,-,-,-,-,K,R,K,A,L,K,T,T,V,I,L,I,L,A,F,F,A,-,C,W,L,P,Y,Y,I,G,I,S,I,D,S,F,I,L,L,E,-,I,I,-,-,-,-,K,Q,G,C,E,F,E,N,T,V,H,K,W,I,S,I,T,E,A,L,A,F,F,H,C,C,L,N,P,I,L,Y,A,F,L,-,-,-,G,A,K,F,K,T,S,A,Q,H,A,L,T,-,-,-,-,-,-,-,-,-,-,S,V,S,R,G,S,S,L,K,I,L,S,K,G,K,R,G,G,H,S,S,V,S,T,E,S,E,S,S,S,F,H,S,S,-,-,-,-,-,-,-,-,-,-,-,-,-,-,-,-,-,-,-,-,-,-,-,-,-,-,-,-,-,-,-,-,-,-,-,-,-,-,-,-,-,-,-,-,-,-,-,-,-,-,-,-,-,-,-,-,-,-,-,-,-,-,-,-,-,-,-,-,-,-,-,-,-,-,-,-,-,-,-,-,-,-,-,-,-,-,-,-,-,-,-
ffar1_human,-,-,-,-,-,-,-,-,-,-,-,-,-,-,-,-,-,-,-,-,-,-,-,-,-,-,-,-,-,-,-,-,-,-,-,-,-,-,-,-,-,-,-,-,-,-,-,-,-,-,-,-,-,-,-,-,-,-,-,-,-,-,-,-,-,-,-,-,-,-,-,-,-,-,-,-,-,-,-,-,-,-,-,-,-,-,-,-,-,-,-,-,-,-,-,-,-,-,-,-,-,-,-,-,-,-,-,-,M,D,L,-,-,-,-,-,-,-,-,-,P,P,Q,L,S,F,G,L,Y,V,A,-,A,F,A,L,G,F,P,L,N,V,L,A,I,R,G,A,T,A,H,A,R,L,R,L,-,-,-,-,-,-,-,-,-,-,-,-,T,P,S,L,V,Y,A,L,N,L,G,C,S,D,L,L,L,T,V,-,S,L,P,-,L,K,A,V,E,A,L,A,S,-,G,-,-,-,-,A,W,-,P,L,-,-,-,-,-,P,A,S,L,C,P,V,F,A,V,A,H,F,F,P,L,Y,A,G,G,G,F,L,A,A,L,S,A,G,R,Y,L,G,A,A,F,-,-,-,P,L,G,Y,Q,A,F,R,-,-,-,-,-,-,-,R,P,C,Y,S,W,G,V,C,A,A,I,W,A,L,V,L,C,H,L,G,L,V,F,G,L,E,A,-,-,-,-,P,G,G,W,L,D,H,S,N,T,S,L,G,I,N,T,P,V,N,G,S,P,V,C,L,E,-,-,-,-,-,-,-,A,W,-,-,-,D,P,A,S,A,G,P,A,R,F,-,S,L,S,L,L,L,F,F,L,P,L,A,I,T,A,F,C,Y,V,G,C,L,R,A,L,A,R,-,-,-,-,-,-,-,-,-,-,S,G,L,-,-,-,-,-,-,-,-,-,-,-,-,-,-,-,-,-,-,-,-,-,-,-,-,-,-,-,-,-,-,-,-,-,-,-,-,-,-,-,-,-,-,-,-,-,-,-,-,-,-,-,-,-,-,-,-,-,-,-,-,-,-,-,-,-,-,-,-,-,-,-,-,-,-,-,-,-,-,-,-,-,-,-,-,-,-,-,-,-,-,-,-,-,-,-,-,-,-,-,-,-,-,-,-,-,-,-,-,-,-,-,-,-,-,-,-,-,-,-,-,-,-,-,-,-,-,-,-,-,-,-,-,-,-,-,-,-,-,-,-,-,-,-,-,-,-,-,-,-,-,-,-,-,-,-,-,-,-,-,-,-,-,-,-,-,-,-,-,-,-,-,-,-,-,-,-,-,-,-,-,-,-,-,-,-,-,-,-,-,-,-,-,-,-,-,-,-,-,-,-,-,-,-,-,-,-,T,H,-,-,-,-,-,-,-,-,-,-,-,R,R,K,L,R,A,A,W,V,A,G,G,A,L,L,T,L,L,L,C,V,G,P,Y,N,A,S,N,V,A,S,F,L,Y,-,-,-,-,P,N,-,-,-,-,L,G,-,-,-,-,-,-,-,-,G,S,W,R,K,L,G,L,I,T,G,A,W,S,V,V,L,N,P,L,V,T,G,Y,L,-,-,-,G,R,G,P,G,L,K,T,V,C,A,A,R,T,Q,-,-,-,-,-,-,-,-,G,G,K,S,Q,K,-,-,-,-,-,-,-,-,-,-,-,-,-,-,-,-,-,-,-,-,-,-,-,-,-,-,-,-,-,-,-,-,-,-,-,-,-,-,-,-,-,-,-,-,-,-,-,-,-,-,-,-,-,-,-,-,-,-,-,-,-,-,-,-,-,-,-,-,-,-,-,-,-,-,-,-,-,-,-,-,-,-,-,-,-,-,-,-,-,-,-,-,-,-,-,-,-,-,-,-,-,-,-,-,-,-,-,-,-,-,-,-,-,-,-,-,-,-,-
q9wtk1_cavpo,-,-,-,-,-,-,-,-,-,-,-,-,-,-,-,-,-,-,-,-,-,-,-,-,-,-,-,-,-,-,-,-,-,-,-,-,-,-,-,-,-,-,-,-,-,-,-,-,-,-,-,-,-,-,-,-,-,-,-,-,-,-,-,-,-,-,-,-,-,-,-,-,-,-,-,-,-,-,-,-,-,-,-,-,-,-,-,-,-,-,-,-,-,-,-,M,D,R,N,T,T,T,R,A,A,S,P,S,G,S,N,-,-,-,-,-,-,-,T,F,I,P,L,L,A,M,I,L,L,S,V,-,S,M,V,V,G,L,P,G,N,T,F,V,V,W,S,I,L,K,R,-,-,-,-,-,-,-,M,R,K,R,-,-,-,-,-,-,S,V,T,A,L,M,V,L,N,L,A,L,A,D,L,A,V,L,L,-,T,A,P,-,F,F,L,H,F,L,T,W,H,-,-,-,-,-,-,T,W,-,S,F,-,-,-,-,-,K,L,A,G,C,R,L,C,H,Y,I,C,G,V,S,M,Y,A,S,V,L,L,I,T,A,M,S,L,D,R,S,L,A,V,A,S,-,-,-,P,F,L,S,Q,K,V,R,-,-,-,-,-,-,-,T,K,T,A,A,R,W,L,L,V,G,I,W,G,A,S,F,L,L,A,-,T,P,V,L,A,F,R,-,-,-,-,K,V,V,K,L,T,N,E,T,D,L,-,-,-,-,-,-,-,-,-,-,-,-,C,L,A,-,-,-,-,-,-,V,Y,P,-,-,-,S,D,R,H,K,A,F,H,L,L,-,F,E,A,F,T,G,F,V,V,P,F,L,I,V,V,A,S,Y,A,D,I,S,R,R,L,R,V,R,-,-,-,-,-,-,-,-,-,R,F,-,-,-,-,-,-,-,-,-,-,-,-,-,-,-,-,-,-,-,-,-,-,-,-,-,-,-,-,-,-,-,-,-,-,-,-,-,-,-,-,-,-,-,-,-,-,-,-,-,-,-,-,-,-,-,-,-,-,-,-,-,-,-,-,-,-,-,-,-,-,-,-,-,-,-,-,-,-,-,-,-,-,-,-,-,-,-,-,-,-,-,-,-,-,-,-,-,-,-,-,-,-,-,-,-,-,-,-,-,-,-,-,-,-,-,-,-,-,-,-,-,-,-,-,-,-,-,-,-,-,-,-,-,-,-,-,-,-,-,-,-,-,-,-,-,-,-,-,-,-,-,-,-,-,-,-,-,-,-,-,-,-,-,-,-,-,-,-,-,-,-,-,-,-,-,-,-,-,-,-,-,-,-,-,-,-,-,-,-,-,-,-,-,-,-,-,-,-,-,-,-,-,-,-,-,-,-,H,R,-,-,-,-,-,-,-,-,-,-,-,-,R,R,R,T,G,R,L,V,V,I,I,I,L,A,F,A,A,-,F,W,L,P,Y,H,V,V,D,L,V,E,G,S,R,V,L,A,-,G,-,-,-,-,-,-,T,L,D,Q,S,K,Q,Q,L,R,N,A,R,K,V,C,I,A,L,A,F,L,S,S,S,V,N,P,L,L,Y,A,C,A,-,-,-,G,G,G,L,L,R,S,A,G,V,G,F,V,A,K,-,-,-,-,-,-,-,-,L,L,E,A,T,G,S,E,A,F,S,T,R,R,G,G,T,L,A,Q,T,V,K,G,I,P,M,A,P,E,P,G,A,S,G,S,L,D,G,L,K,Q,S,E,S,D,-,-,-,-,-,-,-,-,-,-,-,-,-,-,-,-,-,-,-,-,-,-,-,-,-,-,-,-,-,-,-,-,-,-,-,-,-,-,-,-,-,-,-,-,-,-,-,-,-,-,-,-,-,-,-,-,-,-,-,-,-,-,-,-,-,-,-,-,-,-,-,-,-,-,-,-,-,-,-
lpar1_human,-,-,-,-,-,-,-,-,-,-,-,-,-,-,-,-,-,-,-,-,-,-,-,-,-,-,-,-,-,-,-,-,-,-,-,-,-,-,-,-,-,-,-,-,-,-,-,-,-,-,-,-,-,-,-,-,-,-,-,-,-,-,-,-,-,M,A,A,I,S,T,S,I,P,V,I,S,Q,P,Q,F,T,A,M,N,E,P,Q,C,F,Y,N,E,S,I,A,F,F,Y,N,R,S,G,K,H,L,A,T,E,W,N,-,-,-,-,-,-,-,-,T,V,S,K,L,V,M,G,L,G,I,T,-,V,C,I,F,I,M,L,A,N,L,L,V,M,V,A,I,Y,V,N,-,-,-,-,-,-,-,R,R,F,H,-,-,-,-,-,-,F,P,I,Y,Y,L,M,A,N,L,A,A,A,D,F,F,A,G,L,-,A,Y,F,-,Y,L,M,F,N,-,-,-,-,-,T,-,-,G,P,N,T,R,R,L,-,-,-,-,-,T,V,S,T,W,L,L,R,Q,G,L,I,D,T,S,L,T,A,S,V,A,N,L,L,A,I,A,I,E,R,H,I,T,V,F,R,-,-,-,M,Q,L,H,T,R,M,-,-,-,-,-,-,-,-,S,N,R,R,V,V,V,V,I,V,V,I,W,T,M,A,I,V,M,G,A,I,P,S,V,G,-,-,-,-,-,-,W,N,C,I,C,D,I,E,N,-,-,-,-,-,-,-,-,-,-,-,-,-,-,-,-,-,-,C,S,N,M,A,P,L,Y,-,-,-,-,-,-,-,S,D,S,Y,L,V,-,F,W,A,I,F,-,N,L,V,T,F,V,V,M,V,V,L,Y,A,H,I,F,G,Y,V,R,Q,R,T,M,R,M,S,-,-,-,-,R,H,-,-,-,-,-,-,-,-,-,-,-,-,-,-,-,-,-,-,-,-,-,-,-,-,-,-,-,-,-,-,-,-,-,-,-,-,-,-,-,-,-,-,-,-,-,-,-,-,-,-,-,-,-,-,-,-,-,-,-,-,-,-,-,-,-,-,-,-,-,-,-,-,-,-,-,-,-,-,-,-,-,-,-,-,-,-,-,-,-,-,-,-,-,-,-,-,-,-,-,-,-,-,-,-,-,-,-,-,-,-,-,-,-,-,-,-,-,-,-,-,-,-,-,-,-,-,-,-,-,-,-,-,-,-,-,-,-,-,-,-,-,-,-,-,-,-,-,-,-,-,-,-,-,-,-,-,-,-,-,-,-,-,-,-,-,-,-,-,-,-,-,-,-,-,-,-,-,-,-,-,-,-,-,-,-,-,-,-,-,-,-,-,-,-,-,-,-,-,-,-,-,-,-,-,-,-,-,S,S,-,-,-,-,G,P,R,R,N,R,D,T,M,M,S,L,L,K,T,V,V,I,V,L,G,A,F,I,I,-,C,W,T,P,G,L,V,L,L,L,L,D,V,C,C,-,-,-,-,P,Q,-,-,-,-,-,C,-,-,-,-,-,-,D,V,L,A,Y,E,K,F,F,L,L,L,A,E,F,N,S,A,M,N,P,I,I,Y,S,Y,R,-,-,-,D,K,E,M,S,A,T,F,R,Q,I,L,C,-,-,-,-,-,-,-,-,-,-,C,Q,R,S,E,N,P,T,G,P,T,E,G,S,D,R,S,A,S,S,L,N,H,T,I,L,A,G,V,H,S,N,D,H,S,V,V,-,-,-,-,-,-,-,-,-,-,-,-,-,-,-,-,-,-,-,-,-,-,-,-,-,-,-,-,-,-,-,-,-,-,-,-,-,-,-,-,-,-,-,-,-,-,-,-,-,-,-,-,-,-,-,-,-,-,-,-,-,-,-,-,-,-,-,-,-,-,-,-,-,-,-,-,-,-,-,-,-,-,-,-,-,-,-,-
q08bg4_danre,-,-,-,-,-,-,-,-,-,-,-,-,-,-,-,-,-,-,-,-,-,-,-,-,-,-,-,-,-,-,-,-,-,-,-,-,-,-,-,-,-,-,-,-,-,-,-,-,-,-,-,-,-,-,-,-,-,-,-,-,-,-,-,-,-,-,-,-,-,-,-,-,-,-,-,-,-,-,-,-,-,-,-,-,-,-,M,Y,N,T,S,L,E,M,E,M,L,N,V,S,N,V,T,H,C,P,K,N,D,N,F,-,-,-,-,-,-,-,-,-,K,Y,P,L,Y,S,M,V,F,S,I,-,V,F,M,V,G,L,I,T,N,V,A,A,M,Y,I,F,M,C,S,-,-,-,-,-,-,-,L,K,L,R,-,-,-,-,-,-,N,E,T,T,T,Y,M,M,N,L,V,V,S,D,L,L,F,V,L,-,T,L,P,-,L,R,V,F,Y,F,V,Q,-,-,Q,-,-,-,-,N,W,-,P,F,-,-,-,-,-,G,S,L,L,C,K,L,S,V,S,L,F,Y,T,N,M,Y,G,S,I,L,F,L,T,C,I,S,V,D,R,F,L,A,I,V,Y,-,-,-,P,F,R,S,R,G,L,R,-,-,-,-,-,-,-,T,K,R,N,A,K,I,V,C,A,A,V,W,V,L,V,L,S,G,S,L,P,T,G,F,M,L,N,-,-,-,-,S,T,N,K,L,E,N,N,S,I,S,-,-,-,-,-,-,-,-,-,-,-,-,C,F,E,-,-,-,N,F,S,S,K,E,-,-,-,W,K,S,H,L,S,K,V,V,I,-,F,I,E,T,V,G,F,L,I,P,L,M,L,N,V,V,C,S,A,M,V,L,Q,T,L,R,R,P,-,-,-,-,-,-,-,-,-,N,T,-,-,-,-,-,-,-,-,-,-,-,-,-,-,-,-,-,-,-,-,-,-,-,-,-,-,-,-,-,-,-,-,-,-,-,-,-,-,-,-,-,-,-,-,-,-,-,-,-,-,-,-,-,-,-,-,-,-,-,-,-,-,-,-,-,-,-,-,-,-,-,-,-,-,-,-,-,-,-,-,-,-,-,-,-,-,-,-,-,-,-,-,-,-,-,-,-,-,-,-,-,-,-,-,-,-,-,-,-,-,-,-,-,-,-,-,-,-,-,-,-,-,-,-,-,-,-,-,-,-,-,-,-,-,-,-,-,-,-,-,-,-,-,-,-,-,-,-,-,-,-,-,-,-,-,-,-,-,-,-,-,-,-,-,-,-,-,-,-,-,-,-,-,-,-,-,-,-,-,-,-,-,-,-,-,-,-,-,-,-,-,-,-,-,-,-,-,-,-,-,-,-,-,-,-,-,-,V,S,-,-,-,-,-,-,R,G,G,K,L,N,K,K,K,I,L,R,M,I,I,V,H,L,F,I,F,C,F,-,C,F,I,P,Y,N,V,N,L,V,F,Y,S,L,V,R,T,N,-,T,L,-,-,-,-,-,K,G,C,A,A,E,S,V,V,R,T,I,Y,P,I,A,L,C,I,A,V,S,N,C,C,F,D,P,I,V,Y,Y,F,T,-,-,-,S,E,T,I,Q,N,S,I,K,R,K,T,Q,T,G,-,-,-,-,-,-,-,-,H,S,I,D,V,K,F,S,E,A,L,Q,S,E,T,S,S,T,L,Q,F,S,L,R,S,I,K,N,K,M,F,H,N,E,S,H,V,-,-,-,-,-,-,-,-,-,-,-,-,-,-,-,-,-,-,-,-,-,-,-,-,-,-,-,-,-,-,-,-,-,-,-,-,-,-,-,-,-,-,-,-,-,-,-,-,-,-,-,-,-,-,-,-,-,-,-,-,-,-,-,-,-,-,-,-,-,-,-,-,-,-,-,-,-,-,-,-,-,-,-,-,-,-,-,-
s1pr1_human,-,-,-,-,-,-,-,-,-,-,-,-,-,-,-,-,-,-,-,-,-,-,-,-,-,-,-,-,-,-,-,-,-,-,-,-,-,-,-,-,-,-,-,-,-,-,-,-,-,-,-,-,-,-,-,-,-,-,-,-,-,-,-,-,-,-,-,-,-,-,M,G,P,T,S,V,P,L,V,K,A,H,R,S,S,V,S,D,Y,V,N,Y,D,I,I,V,R,H,Y,N,Y,T,G,K,L,N,I,S,A,D,K,-,-,-,-,-,-,-,E,N,S,I,K,L,T,S,V,V,F,I,L,-,I,C,C,F,I,I,L,E,N,I,F,V,L,L,T,I,W,K,T,-,-,-,-,-,-,-,K,K,F,H,-,-,-,-,-,-,R,P,M,Y,Y,F,I,G,N,L,A,L,S,D,L,L,A,G,V,-,A,Y,T,-,A,N,L,L,L,-,-,-,-,-,S,-,-,G,A,T,T,Y,K,L,-,-,-,-,-,T,P,A,Q,W,F,L,R,E,G,S,M,F,V,A,L,S,A,S,V,F,S,L,L,A,I,A,I,E,R,Y,I,T,M,L,K,-,-,-,M,K,L,H,N,G,S,-,-,-,-,-,-,-,-,N,N,F,R,L,F,L,L,I,S,A,C,W,V,I,S,L,I,L,G,G,L,P,I,M,G,-,-,-,-,-,-,W,N,C,I,S,A,L,S,S,-,-,-,-,-,-,-,-,-,-,-,-,-,-,-,-,-,-,C,S,T,V,L,P,L,Y,-,-,-,-,-,-,-,H,K,H,Y,I,L,-,F,C,T,T,V,-,F,T,L,L,L,L,S,I,V,I,L,Y,C,R,I,Y,S,L,V,R,T,R,S,R,R,L,T,-,-,-,-,F,R,K,N,-,-,-,-,-,-,-,-,-,-,-,-,-,-,-,-,-,-,-,-,-,-,-,-,-,-,-,-,-,-,-,-,-,-,-,-,-,-,-,-,-,-,-,-,-,-,-,-,-,-,-,-,-,-,-,-,-,-,-,-,-,-,-,-,-,-,-,-,-,-,-,-,-,-,-,-,-,-,-,-,-,-,-,-,-,-,-,-,-,-,-,-,-,-,-,-,-,-,-,-,-,-,-,-,-,-,-,-,-,-,-,-,-,-,-,-,-,-,-,-,-,-,-,-,-,-,-,-,-,-,-,-,-,-,-,-,-,-,-,-,-,-,-,-,-,-,-,-,-,-,-,-,-,-,-,-,-,-,-,-,-,-,-,-,-,-,-,-,-,-,-,-,-,-,-,-,-,-,-,-,-,-,-,-,-,-,-,-,-,-,-,-,-,-,-,-,-,-,-,-,-,-,-,I,S,K,A,-,-,-,-,-,-,S,R,S,S,E,K,S,L,A,L,L,K,T,V,I,I,V,L,S,V,F,I,A,-,C,W,A,P,L,F,I,L,L,L,L,D,V,G,C,-,-,-,-,K,V,K,-,-,-,T,C,-,-,-,-,-,-,D,I,L,F,R,A,E,Y,F,L,V,L,A,V,L,N,S,G,T,N,P,I,I,Y,T,L,T,-,-,-,N,K,E,M,R,R,A,F,I,R,I,M,S,-,-,-,-,-,-,-,-,-,-,C,C,K,C,P,S,G,D,S,A,G,K,F,K,R,P,I,I,A,G,M,E,F,S,R,S,K,S,D,N,S,S,H,P,Q,K,D,E,G,D,N,P,E,T,I,M,S,S,G,N,V,N,S,S,S,-,-,-,-,-,-,-,-,-,-,-,-,-,-,-,-,-,-,-,-,-,-,-,-,-,-,-,-,-,-,-,-,-,-,-,-,-,-,-,-,-,-,-,-,-,-,-,-,-,-,-,-,-,-,-,-,-,-,-,-,-,-,-,-,-,-,-,-,-,-
cnr1_human,M,K,S,I,L,D,G,L,A,D,T,T,F,R,T,I,T,T,D,L,L,Y,V,G,S,N,D,I,Q,Y,E,D,I,K,G,D,M,A,S,K,L,G,Y,F,P,Q,K,F,P,L,T,S,F,R,G,S,P,F,Q,E,K,M,T,A,G,D,N,P,Q,L,V,P,A,D,Q,V,N,I,T,E,F,Y,N,K,S,L,S,S,F,K,E,N,E,E,N,I,Q,C,G,E,N,F,M,D,I,E,C,F,M,V,L,-,-,-,-,-,-,N,P,S,Q,Q,L,A,I,A,V,L,S,L,T,-,L,G,T,F,T,V,L,E,N,L,L,V,L,C,V,I,L,H,S,-,-,-,-,-,-,-,R,S,L,R,-,-,C,-,-,-,R,P,S,Y,H,F,I,G,S,L,A,V,A,D,L,L,G,S,V,-,I,F,V,-,Y,S,F,I,D,F,H,V,-,-,F,H,R,-,-,-,-,-,-,-,K,D,-,-,-,S,R,N,V,F,L,F,K,L,G,G,V,T,A,S,F,T,A,S,V,G,S,L,F,L,T,A,I,D,R,Y,I,S,I,H,R,-,-,-,P,L,A,Y,K,R,I,V,-,-,-,-,-,-,-,T,R,P,K,A,V,V,A,F,C,L,M,W,T,I,A,I,V,I,A,V,L,P,L,L,G,-,-,-,-,-,-,W,N,C,E,K,L,Q,S,V,-,-,-,-,-,-,-,-,-,-,-,-,-,-,-,-,-,-,C,S,D,I,F,P,H,I,-,-,-,-,-,-,-,D,E,T,Y,L,M,-,F,W,I,G,V,-,T,S,V,L,L,L,F,I,V,Y,A,Y,M,Y,I,L,W,K,A,H,S,H,A,V,R,M,I,Q,R,G,-,T,Q,K,S,I,I,I,H,T,S,-,-,-,-,-,-,-,-,-,-,-,-,-,-,-,-,-,-,-,-,-,-,-,-,-,-,-,-,-,-,-,-,-,-,-,-,-,-,-,-,-,-,-,-,-,-,-,-,-,-,-,-,-,-,-,-,-,-,-,-,-,-,-,-,-,-,-,-,-,-,-,-,-,-,-,-,-,-,-,-,-,-,-,-,-,-,-,-,-,-,-,-,-,-,-,-,-,-,-,-,-,-,-,-,-,-,-,-,-,-,-,-,-,-,-,-,-,-,-,-,-,-,-,-,-,-,-,-,-,-,-,-,-,-,-,-,-,-,-,-,-,-,-,-,-,-,-,-,-,-,-,-,-,-,-,-,-,-,-,-,-,-,-,-,-,-,-,-,-,-,-,-,-,-,-,-,-,-,-,-,-,-,-,-,-,-,-,-,-,-,-,-,E,D,G,K,V,Q,V,T,R,-,-,-,-,-,-,P,D,Q,A,R,M,D,I,R,L,A,K,T,L,V,L,I,L,V,V,L,I,I,-,C,W,G,P,L,L,A,I,M,V,Y,D,V,F,G,-,-,-,-,K,-,-,-,-,-,-,M,-,-,-,-,N,K,L,I,K,T,V,F,A,F,C,S,M,L,C,L,L,N,S,T,V,N,P,I,I,Y,A,L,R,-,-,-,S,K,D,L,R,H,A,F,R,S,M,F,P,-,-,-,-,-,-,-,-,-,-,S,C,E,G,T,A,Q,P,L,D,N,S,M,G,D,S,D,C,L,H,K,H,A,N,N,A,A,S,V,H,R,A,A,E,S,C,I,K,S,T,V,K,I,A,K,V,T,M,S,V,S,T,D,T,S,A,E,A,L,-,-,-,-,-,-,-,-,-,-,-,-,-,-,-,-,-,-,-,-,-,-,-,-,-,-,-,-,-,-,-,-,-,-,-,-,-,-,-,-,-,-,-,-,-,-,-,-,-,-,-,-,-,-,-,-,-,-,-,-,-,-,-,-,-,-
ptafr_human,-,-,-,-,-,-,-,-,-,-,-,-,-,-,-,-,-,-,-,-,-,-,-,-,-,-,-,-,-,-,-,-,-,-,-,-,-,-,-,-,-,-,-,-,-,-,-,-,-,-,-,-,-,-,-,-,-,-,-,-,-,-,-,-,-,-,-,-,-,-,-,-,-,-,-,-,-,-,-,-,-,-,-,-,-,-,-,-,-,-,-,-,-,-,-,-,-,-,-,-,-,-,M,E,P,H,D,S,S,H,M,-,-,-,-,-,D,S,E,F,R,Y,T,L,F,P,I,V,Y,S,I,-,I,F,V,L,G,V,I,A,N,G,Y,V,L,W,V,F,A,R,L,Y,-,-,-,P,C,-,-,-,-,-,-,K,K,-,-,F,N,E,I,K,I,F,M,V,N,L,T,M,A,D,M,L,F,L,I,-,T,L,P,-,L,W,I,V,Y,Y,Q,N,Q,-,G,-,-,-,-,N,W,-,I,L,-,-,-,-,-,P,K,F,L,C,N,V,A,G,C,L,F,F,I,N,T,Y,C,S,V,A,F,L,G,V,I,T,Y,N,R,F,Q,A,V,T,R,-,-,-,P,I,K,T,A,Q,A,N,-,-,-,-,-,-,-,T,R,K,R,G,I,S,L,S,L,V,I,W,V,A,I,V,G,A,A,S,Y,F,L,I,L,-,-,-,-,-,-,D,S,T,N,T,V,P,D,S,A,G,S,G,N,V,T,R,-,-,-,-,-,-,C,F,E,-,-,-,-,H,Y,E,K,G,-,-,-,-,S,V,P,V,L,I,I,H,I,-,F,I,V,F,S,-,F,F,L,V,F,L,I,I,L,F,C,N,L,V,I,I,R,T,L,L,M,Q,-,-,-,-,-,-,-,-,-,P,V,-,-,-,-,-,-,-,-,-,-,-,-,-,-,-,-,-,-,-,-,-,-,-,-,-,-,-,-,-,-,-,-,-,-,-,-,-,-,-,-,-,-,-,-,-,-,-,-,-,-,-,-,-,-,-,-,-,-,-,-,-,-,-,-,-,-,-,-,-,-,-,-,-,-,-,-,-,-,-,-,-,-,-,-,-,-,-,-,-,-,-,-,-,-,-,-,-,-,-,-,-,-,-,-,-,-,-,-,-,-,-,-,-,-,-,-,-,-,-,-,-,-,-,-,-,-,-,-,-,-,-,-,-,-,-,-,-,-,-,-,-,-,-,-,-,-,-,-,-,-,-,-,-,-,-,-,-,-,-,-,-,-,-,-,-,-,-,-,-,-,-,-,-,-,-,-,-,-,-,-,-,-,-,-,-,-,-,-,-,-,-,-,-,-,-,-,-,-,-,-,-,-,-,-,-,-,-,Q,Q,-,-,-,-,-,-,-,Q,R,N,A,E,V,K,R,R,A,L,W,M,V,C,T,V,L,A,V,F,I,I,C,F,V,P,H,H,V,V,Q,L,P,W,T,L,A,E,L,G,-,F,-,-,-,-,-,-,Q,D,S,K,F,H,Q,A,I,N,D,A,H,Q,V,T,L,C,L,L,S,T,N,C,V,L,D,P,V,I,Y,C,F,L,T,K,K,-,-,-,F,R,K,H,L,T,E,K,F,Y,S,M,R,S,-,-,-,-,-,-,S,R,K,C,S,R,A,T,T,D,T,V,T,E,V,V,V,P,F,N,Q,I,P,G,N,S,L,K,N,-,-,-,-,-,-,-,-,-,-,-,-,-,-,-,-,-,-,-,-,-,-,-,-,-,-,-,-,-,-,-,-,-,-,-,-,-,-,-,-,-,-,-,-,-,-,-,-,-,-,-,-,-,-,-,-,-,-,-,-,-,-,-,-,-,-,-,-,-,-,-,-,-,-,-,-,-,-,-,-,-,-,-,-,-,-,-,-,-,-,-,-,-,-,-,-
aa1r_human,-,-,-,-,-,-,-,-,-,-,-,-,-,-,-,-,-,-,-,-,-,-,-,-,-,-,-,-,-,-,-,-,-,-,-,-,-,-,-,-,-,-,-,-,-,-,-,-,-,-,-,-,-,-,-,-,-,-,-,-,-,-,-,-,-,-,-,-,-,-,-,-,-,-,-,-,-,-,-,-,-,-,-,-,-,-,-,-,-,-,-,-,-,-,-,-,-,-,-,-,-,-,-,-,-,-,M,P,P,S,I,-,-,-,-,-,-,-,S,A,F,Q,A,A,Y,I,G,I,E,V,L,-,I,A,L,V,S,V,P,G,N,V,L,V,I,W,A,V,K,V,N,-,-,-,-,-,-,-,Q,A,L,R,-,-,-,-,-,-,D,A,T,F,C,F,I,V,S,L,A,V,A,D,V,A,V,G,A,L,V,I,P,-,L,A,I,L,I,N,I,G,-,-,-,-,-,-,-,-,P,-,Q,T,-,-,-,-,-,Y,F,H,T,C,L,M,V,A,C,P,V,L,I,L,T,Q,S,S,I,L,A,L,L,A,I,A,V,D,R,Y,L,R,V,K,I,-,-,-,P,L,R,Y,K,M,V,V,-,-,-,-,-,-,-,T,P,R,R,A,A,V,A,I,A,G,C,W,I,L,S,F,V,V,G,L,T,P,M,F,G,-,-,-,-,-,-,W,N,N,L,S,A,V,E,R,A,W,A,A,N,G,S,M,G,E,P,V,I,K,C,E,F,-,-,-,-,-,E,K,V,I,-,-,-,-,-,-,-,S,M,E,Y,M,V,Y,F,N,F,F,V,W,V,L,P,P,L,L,L,M,V,L,I,Y,L,E,V,F,Y,L,I,R,K,Q,L,N,K,K,V,-,-,-,-,S,A,S,-,-,-,-,-,-,-,-,-,-,-,-,-,-,-,-,-,-,-,-,-,-,-,-,-,-,-,-,-,-,-,-,-,-,-,-,-,-,-,-,-,-,-,-,-,-,-,-,-,-,-,-,-,-,-,-,-,-,-,-,-,-,-,-,-,-,-,-,-,-,-,-,-,-,-,-,-,-,-,-,-,-,-,-,-,-,-,-,-,-,-,-,-,-,-,-,-,-,-,-,-,-,-,-,-,-,-,-,-,-,-,-,-,-,-,-,-,-,-,-,-,-,-,-,-,-,-,-,-,-,-,-,-,-,-,-,-,-,-,-,-,-,-,-,-,-,-,-,-,-,-,-,-,-,-,-,-,-,-,-,-,-,-,-,-,-,-,-,-,-,-,-,-,-,-,-,-,-,-,-,-,-,-,-,-,-,-,-,-,-,-,-,-,-,-,-,-,-,-,-,-,-,-,-,-,-,S,G,-,-,-,-,D,P,Q,K,Y,Y,G,K,E,L,K,I,A,K,S,L,A,L,I,L,F,L,F,A,L,-,S,W,L,P,L,H,I,L,N,C,I,T,L,F,C,-,-,-,-,P,S,C,-,-,-,H,K,-,-,-,-,-,-,-,P,S,I,L,T,Y,I,A,I,F,L,T,H,G,N,S,A,M,N,P,I,V,Y,A,F,R,-,-,-,I,Q,K,F,R,V,T,F,L,K,I,W,N,D,H,F,R,C,Q,P,A,P,P,I,D,E,D,L,P,E,E,R,P,D,D,-,-,-,-,-,-,-,-,-,-,-,-,-,-,-,-,-,-,-,-,-,-,-,-,-,-,-,-,-,-,-,-,-,-,-,-,-,-,-,-,-,-,-,-,-,-,-,-,-,-,-,-,-,-,-,-,-,-,-,-,-,-,-,-,-,-,-,-,-,-,-,-,-,-,-,-,-,-,-,-,-,-,-,-,-,-,-,-,-,-,-,-,-,-,-,-,-,-,-,-,-,-,-,-,-,-,-,-,-,-,-,-,-
aa2ar_human,-,-,-,-,-,-,-,-,-,-,-,-,-,-,-,-,-,-,-,-,-,-,-,-,-,-,-,-,-,-,-,-,-,-,-,-,-,-,-,-,-,-,-,-,-,-,-,-,-,-,-,-,-,-,-,-,-,-,-,-,-,-,-,-,-,-,-,-,-,-,-,-,-,-,-,-,-,-,-,-,-,-,-,-,-,-,-,-,-,-,-,-,-,-,-,-,-,-,-,-,-,-,-,-,-,-,-,-,-,-,-,-,-,-,-,-,M,P,I,M,G,S,S,V,Y,I,T,V,E,L,A,-,I,A,V,L,A,I,L,G,N,V,L,V,C,W,A,V,W,L,N,-,-,-,-,-,-,-,S,N,L,Q,-,-,-,-,-,-,N,V,T,N,Y,F,V,V,S,L,A,A,A,D,I,A,V,G,V,L,A,I,P,-,F,A,I,T,I,S,T,G,-,-,-,-,-,-,-,-,F,-,C,A,-,-,-,-,-,A,C,H,G,C,L,F,I,A,C,F,V,L,V,L,T,Q,S,S,I,F,S,L,L,A,I,A,I,D,R,Y,I,A,I,R,I,-,-,-,P,L,R,Y,N,G,L,V,-,-,-,-,-,-,-,T,G,T,R,A,K,G,I,I,A,I,C,W,V,L,S,F,A,I,G,L,T,P,M,L,G,-,-,-,-,-,-,W,N,N,C,G,Q,P,K,E,G,K,N,H,S,Q,G,C,G,E,G,Q,V,A,C,L,F,-,-,-,-,-,E,D,V,V,-,-,-,-,-,-,-,P,M,N,Y,M,V,Y,F,N,F,F,A,C,V,L,V,P,L,L,L,M,L,G,V,Y,L,R,I,F,L,A,A,R,R,Q,L,K,Q,M,E,S,-,-,-,Q,P,L,-,-,-,-,-,-,-,-,-,-,-,-,-,-,-,-,-,-,-,-,-,-,-,-,-,-,-,-,-,-,-,-,-,-,-,-,-,-,-,-,-,-,-,-,-,-,-,-,-,-,-,-,-,-,-,-,-,-,-,-,-,-,-,-,-,-,-,-,-,-,-,-,-,-,-,-,-,-,-,-,-,-,-,-,-,-,-,-,-,-,-,-,-,-,-,-,-,-,-,-,-,-,-,-,-,-,-,-,-,-,-,-,-,-,-,-,-,-,-,-,-,-,-,-,-,-,-,-,-,-,-,-,-,-,-,-,-,-,-,-,-,-,-,-,-,-,-,-,-,-,-,-,-,-,-,-,-,-,-,-,-,-,-,-,-,-,-,-,-,-,-,-,-,-,-,-,-,-,-,-,-,-,-,-,-,-,-,-,-,-,-,-,-,-,-,-,-,-,-,-,-,-,-,-,-,-,P,G,-,-,-,E,R,A,R,S,T,L,Q,K,E,V,H,A,A,K,S,L,A,I,I,V,G,L,F,A,L,-,C,W,L,P,L,H,I,I,N,C,F,T,F,F,C,-,-,-,-,P,D,C,-,-,S,H,A,-,-,-,-,-,-,-,P,L,W,L,M,Y,L,A,I,V,L,S,H,T,N,S,V,V,N,P,F,I,Y,A,Y,R,-,-,-,I,R,E,F,R,Q,T,F,R,K,I,I,R,S,H,V,L,R,Q,Q,E,P,F,K,A,A,G,T,S,A,R,V,L,A,A,H,G,S,D,G,E,Q,V,S,L,R,L,N,G,H,P,P,G,V,W,A,N,G,S,A,P,H,P,E,R,R,P,N,G,Y,A,L,G,L,V,S,G,G,S,A,Q,E,S,Q,G,N,T,G,L,P,D,V,E,L,L,S,H,E,L,K,G,V,C,P,E,P,P,G,L,D,D,P,L,A,Q,D,G,A,G,V,S,-,-,-,-,-,-,-,-,-,-,-,-,-,-,-,-,-,-,-,-,-,-,-,-,-,-,-
p2ry1_human,-,-,-,-,-,-,-,-,-,-,-,-,-,-,-,-,-,-,-,-,-,-,-,-,-,-,-,-,-,-,-,-,-,-,-,-,-,-,-,-,-,-,-,-,-,-,-,-,-,-,-,-,-,-,-,-,-,-,-,-,-,-,-,M,T,E,V,L,W,P,A,V,P,N,G,T,D,A,A,F,L,A,G,P,G,S,S,W,G,N,S,T,V,A,S,T,A,A,V,S,S,S,F,K,C,A,L,T,K,T,G,-,-,-,-,-,-,-,-,F,Q,F,Y,Y,L,P,A,V,Y,I,L,-,V,F,I,I,G,F,L,G,N,S,V,A,I,W,M,F,V,F,H,-,-,-,-,M,K,-,-,-,-,-,-,P,W,-,-,-,S,G,I,S,V,Y,M,F,N,L,A,L,A,D,F,L,Y,V,L,-,T,L,P,-,A,L,I,F,Y,Y,F,N,-,-,K,T,-,-,-,D,W,-,I,F,-,-,-,-,-,G,D,A,M,C,K,L,Q,R,F,I,F,H,V,N,L,Y,G,S,I,L,F,L,T,C,I,S,A,H,R,Y,S,G,V,V,Y,-,-,-,P,L,K,S,L,G,R,L,-,-,-,-,-,-,-,K,K,K,N,A,I,C,I,S,V,L,V,W,L,I,V,V,V,A,I,S,P,I,L,F,Y,S,-,-,-,-,-,G,T,G,V,R,K,N,K,T,I,T,-,-,-,-,-,-,-,-,-,-,-,-,C,Y,D,-,-,-,T,T,S,D,E,Y,-,-,-,-,L,R,S,Y,F,I,Y,S,M,-,C,T,T,V,A,M,F,C,V,P,L,V,L,I,L,G,C,Y,G,L,I,V,R,A,L,I,Y,K,-,-,-,-,-,-,-,-,-,D,L,D,-,-,-,-,-,-,-,-,-,-,-,-,-,-,-,-,-,-,-,-,-,-,-,-,-,-,-,-,-,-,-,-,-,-,-,-,-,-,-,-,-,-,-,-,-,-,-,-,-,-,-,-,-,-,-,-,-,-,-,-,-,-,-,-,-,-,-,-,-,-,-,-,-,-,-,-,-,-,-,-,-,-,-,-,-,-,-,-,-,-,-,-,-,-,-,-,-,-,-,-,-,-,-,-,-,-,-,-,-,-,-,-,-,-,-,-,-,-,-,-,-,-,-,-,-,-,-,-,-,-,-,-,-,-,-,-,-,-,-,-,-,-,-,-,-,-,-,-,-,-,-,-,-,-,-,-,-,-,-,-,-,-,-,-,-,-,-,-,-,-,-,-,-,-,-,-,-,-,-,-,-,-,-,-,-,-,-,-,-,-,-,-,-,-,-,-,-,-,-,-,-,-,-,-,-,-,N,S,-,-,-,-,-,-,-,-,-,-,-,P,L,R,R,K,S,I,Y,L,V,I,I,V,L,T,V,F,A,V,S,Y,I,P,F,H,V,M,K,T,M,N,L,R,A,R,L,D,-,F,Q,T,-,-,-,P,A,M,C,A,F,N,D,R,V,Y,A,T,Y,Q,V,T,R,G,L,A,S,L,N,S,C,V,D,P,I,L,Y,F,L,A,-,-,-,G,D,T,F,R,R,R,L,S,R,A,T,R,-,-,-,-,-,-,-,-,-,-,K,A,S,R,R,S,E,A,N,L,Q,S,K,S,E,D,M,T,L,N,I,L,P,E,F,K,Q,N,G,D,T,S,L,-,-,-,-,-,-,-,-,-,-,-,-,-,-,-,-,-,-,-,-,-,-,-,-,-,-,-,-,-,-,-,-,-,-,-,-,-,-,-,-,-,-,-,-,-,-,-,-,-,-,-,-,-,-,-,-,-,-,-,-,-,-,-,-,-,-,-,-,-,-,-,-,-,-,-,-,-,-,-,-,-,-,-,-,-,-,-,-,-,-,-,-
p2y12_human,-,-,-,-,-,-,-,-,-,-,-,-,-,-,-,-,-,-,-,-,-,-,-,-,-,-,-,-,-,-,-,-,-,-,-,-,-,-,-,-,-,-,-,-,-,-,-,-,-,-,-,-,-,-,-,-,-,-,-,-,-,-,-,-,-,-,-,-,-,-,-,-,-,-,-,-,-,-,-,-,-,-,-,-,-,-,-,-,-,-,-,M,Q,A,V,D,N,L,T,S,A,P,G,N,T,S,L,C,T,R,D,-,-,-,-,-,-,Y,K,I,T,Q,V,L,F,P,L,L,Y,T,V,-,L,F,F,V,G,L,I,T,N,G,L,A,M,R,I,F,F,Q,I,-,-,-,-,R,S,-,-,-,-,-,-,-,K,-,-,-,S,N,F,I,I,F,L,K,N,T,V,I,S,D,L,L,M,I,L,-,T,F,P,-,F,K,I,L,S,D,A,K,-,-,L,G,-,-,-,-,-,-,-,-,-,T,G,P,L,R,T,F,V,C,Q,V,T,S,V,I,F,Y,F,T,M,Y,I,S,I,S,F,L,G,L,I,T,I,D,R,Y,Q,K,T,T,R,-,-,-,P,F,K,T,S,N,P,K,-,-,-,-,-,-,-,N,L,L,G,A,K,I,L,S,V,V,I,W,A,F,M,F,L,L,S,L,P,N,M,I,L,T,-,-,-,-,-,N,R,Q,P,R,D,K,N,V,K,K,-,-,-,-,-,-,-,-,-,-,-,-,C,S,F,-,-,-,-,-,-,L,K,S,-,E,F,G,L,V,W,H,E,I,V,N,Y,-,I,C,Q,V,I,-,F,W,I,N,F,L,I,V,I,V,C,Y,T,L,I,T,K,E,L,Y,R,S,Y,V,R,T,-,-,-,-,-,R,G,V,-,-,-,-,-,-,-,-,-,-,-,-,-,-,-,-,-,-,-,-,-,-,-,-,-,-,-,-,-,-,-,-,-,-,-,-,-,-,-,-,-,-,-,-,-,-,-,-,-,-,-,-,-,-,-,-,-,-,-,-,-,-,-,-,-,-,-,-,-,-,-,-,-,-,-,-,-,-,-,-,-,-,-,-,-,-,-,-,-,-,-,-,-,-,-,-,-,-,-,-,-,-,-,-,-,-,-,-,-,-,-,-,-,-,-,-,-,-,-,-,-,-,-,-,-,-,-,-,-,-,-,-,-,-,-,-,-,-,-,-,-,-,-,-,-,-,-,-,-,-,-,-,-,-,-,-,-,-,-,-,-,-,-,-,-,-,-,-,-,-,-,-,-,-,-,-,-,-,-,-,-,-,-,-,-,-,-,-,-,-,-,-,-,-,-,-,-,-,-,-,-,-,-,-,-,G,K,V,-,-,-,-,-,-,-,-,-,-,-,-,P,R,K,K,V,N,V,K,V,F,I,I,I,A,V,F,F,I,C,F,V,P,F,H,F,A,R,I,P,Y,T,L,S,Q,T,R,-,D,V,-,-,-,-,-,F,D,C,T,A,E,N,T,L,F,Y,V,K,E,S,T,L,W,L,T,S,L,N,A,C,L,D,P,F,I,Y,F,F,L,-,-,-,C,K,S,F,R,N,S,L,I,S,M,-,-,-,-,-,-,-,-,-,-,-,-,L,K,C,P,N,S,A,T,S,L,S,Q,D,N,R,K,K,E,Q,D,G,G,D,P,N,E,E,T,P,M,-,-,-,-,-,-,-,-,-,-,-,-,-,-,-,-,-,-,-,-,-,-,-,-,-,-,-,-,-,-,-,-,-,-,-,-,-,-,-,-,-,-,-,-,-,-,-,-,-,-,-,-,-,-,-,-,-,-,-,-,-,-,-,-,-,-,-,-,-,-,-,-,-,-,-,-,-,-,-,-,-,-,-,-,-,-,-,-,-,-,-,-,-,-,-
opsd_bovin,-,-,-,-,-,-,-,-,-,-,-,-,-,-,-,-,-,-,-,-,-,-,-,-,-,-,-,-,-,-,-,-,-,-,-,-,-,-,-,-,-,-,-,-,-,-,-,-,-,-,-,-,-,-,-,-,-,-,-,-,-,-,-,-,-,-,-,-,-,-,-,-,-,-,-,-,-,-,-,M,N,G,T,E,G,P,N,F,Y,V,P,F,S,N,K,T,G,V,V,R,S,P,F,E,A,P,Q,Y,Y,L,A,-,-,-,-,-,-,E,P,W,Q,F,S,M,L,A,A,Y,M,F,L,-,L,I,M,L,G,F,P,I,N,F,L,T,L,Y,V,T,V,Q,H,-,-,-,-,-,-,-,K,K,L,R,-,-,-,-,-,-,T,P,L,N,Y,I,L,L,N,L,A,V,A,D,L,F,M,V,F,G,G,F,T,-,T,T,L,Y,T,S,L,H,-,-,G,-,-,-,-,Y,F,-,V,F,-,-,-,-,-,G,P,T,G,C,N,L,E,G,F,F,A,T,L,G,G,E,I,A,L,W,S,L,V,V,L,A,I,E,R,Y,V,V,V,C,K,-,-,-,P,M,S,N,F,R,F,-,-,-,-,-,-,-,-,G,E,N,H,A,I,M,G,V,A,F,T,W,V,M,A,L,A,C,A,A,P,P,L,V,-,-,-,-,-,-,-,G,W,S,R,Y,I,P,E,G,M,Q,C,S,-,-,-,-,-,-,-,-,-,-,C,G,I,D,Y,Y,T,P,H,E,E,T,-,-,-,-,-,-,N,N,E,S,F,V,I,-,Y,M,F,V,V,H,F,I,I,P,L,I,V,I,F,F,C,Y,G,Q,L,V,F,T,V,K,E,A,A,A,Q,Q,-,-,-,-,-,Q,E,-,-,-,-,-,-,-,-,-,-,-,-,-,-,-,-,-,-,-,-,-,-,-,-,-,-,-,-,-,-,-,-,-,-,-,-,-,-,-,-,-,-,-,-,-,-,-,-,-,-,-,-,-,-,-,-,-,-,-,-,-,-,-,-,-,-,-,-,-,-,-,-,-,-,-,-,-,-,-,-,-,-,-,-,-,-,-,-,-,-,-,-,-,-,-,-,-,-,-,-,-,-,-,-,-,-,-,-,-,-,-,-,-,-,-,-,-,-,-,-,-,-,-,-,-,-,-,-,-,-,-,-,-,-,-,-,-,-,-,-,-,-,-,-,-,-,-,-,-,-,-,-,-,-,-,-,-,-,-,-,-,-,-,-,-,-,-,-,-,-,-,-,-,-,-,-,-,-,-,-,-,-,-,-,-,-,-,-,-,-,-,-,-,-,-,-,-,-,-,-,-,-,-,-,-,-,-,-,S,-,-,-,-,-,-,A,T,T,Q,K,A,E,K,E,V,T,R,M,V,I,I,M,V,I,A,F,L,I,-,C,W,L,P,Y,A,G,V,A,F,Y,I,F,T,H,-,-,-,-,Q,G,S,-,-,-,D,F,-,-,-,-,-,-,-,G,P,I,F,M,T,I,P,A,F,F,A,K,T,S,A,V,Y,N,P,V,I,Y,I,M,M,-,-,-,N,K,Q,F,R,N,C,M,V,T,T,L,C,-,-,-,-,-,-,-,-,-,-,C,G,K,N,P,L,G,D,D,E,A,S,T,T,V,S,K,T,E,T,S,Q,V,A,P,A,-,-,-,-,-,-,-,-,-,-,-,-,-,-,-,-,-,-,-,-,-,-,-,-,-,-,-,-,-,-,-,-,-,-,-,-,-,-,-,-,-,-,-,-,-,-,-,-,-,-,-,-,-,-,-,-,-,-,-,-,-,-,-,-,-,-,-,-,-,-,-,-,-,-,-,-,-,-,-,-,-,-,-,-,-,-,-,-,-,-,-,-,-,-,-,-,-,-,-
opsd_human,-,-,-,-,-,-,-,-,-,-,-,-,-,-,-,-,-,-,-,-,-,-,-,-,-,-,-,-,-,-,-,-,-,-,-,-,-,-,-,-,-,-,-,-,-,-,-,-,-,-,-,-,-,-,-,-,-,-,-,-,-,-,-,-,-,-,-,-,-,-,-,-,-,-,-,-,-,-,M,N,G,T,E,G,P,N,F,Y,V,P,F,S,N,A,T,G,V,V,R,S,P,F,E,Y,P,Q,Y,Y,L,A,E,-,-,-,-,-,-,-,P,W,Q,F,S,M,L,A,A,Y,M,F,L,-,L,I,V,L,G,F,P,I,N,F,L,T,L,Y,V,T,V,Q,H,-,-,-,-,-,-,-,K,K,L,R,-,-,-,-,-,-,T,P,L,N,Y,I,L,L,N,L,A,V,A,D,L,F,M,V,L,G,G,F,T,-,S,T,L,Y,T,S,L,H,-,-,G,-,-,-,-,Y,F,-,V,F,-,-,-,-,-,G,P,T,G,C,N,L,E,G,F,F,A,T,L,G,G,E,I,A,L,W,S,L,V,V,L,A,I,E,R,Y,V,V,V,C,K,-,-,-,P,M,S,N,F,R,F,-,-,-,-,-,-,-,-,G,E,N,H,A,I,M,G,V,A,F,T,W,V,M,A,L,A,C,A,A,P,P,L,A,-,-,-,-,-,-,-,G,W,S,R,Y,I,P,E,G,L,Q,C,S,-,-,-,-,-,-,-,-,-,-,C,G,I,D,Y,Y,T,L,K,P,E,V,-,-,-,-,-,-,N,N,E,S,F,V,I,-,Y,M,F,V,V,H,F,T,I,P,M,I,I,I,F,F,C,Y,G,Q,L,V,F,T,V,K,E,A,A,A,Q,Q,-,-,-,-,-,Q,E,-,-,-,-,-,-,-,-,-,-,-,-,-,-,-,-,-,-,-,-,-,-,-,-,-,-,-,-,-,-,-,-,-,-,-,-,-,-,-,-,-,-,-,-,-,-,-,-,-,-,-,-,-,-,-,-,-,-,-,-,-,-,-,-,-,-,-,-,-,-,-,-,-,-,-,-,-,-,-,-,-,-,-,-,-,-,-,-,-,-,-,-,-,-,-,-,-,-,-,-,-,-,-,-,-,-,-,-,-,-,-,-,-,-,-,-,-,-,-,-,-,-,-,-,-,-,-,-,-,-,-,-,-,-,-,-,-,-,-,-,-,-,-,-,-,-,-,-,-,-,-,-,-,-,-,-,-,-,-,-,-,-,-,-,-,-,-,-,-,-,-,-,-,-,-,-,-,-,-,-,-,-,-,-,-,-,-,-,-,-,-,-,-,-,-,-,-,-,-,-,-,-,-,-,-,-,-,-,S,-,-,-,-,-,-,A,T,T,Q,K,A,E,K,E,V,T,R,M,V,I,I,M,V,I,A,F,L,I,-,C,W,V,P,Y,A,S,V,A,F,Y,I,F,T,H,-,-,-,-,Q,G,S,-,-,-,N,F,-,-,-,-,-,-,-,G,P,I,F,M,T,I,P,A,F,F,A,K,S,A,A,I,Y,N,P,V,I,Y,I,M,M,-,-,-,N,K,Q,F,R,N,C,M,L,T,T,I,C,-,-,-,-,-,-,-,-,-,-,C,G,K,N,P,L,G,D,D,E,A,S,A,T,V,S,K,T,E,T,S,Q,V,A,P,A,-,-,-,-,-,-,-,-,-,-,-,-,-,-,-,-,-,-,-,-,-,-,-,-,-,-,-,-,-,-,-,-,-,-,-,-,-,-,-,-,-,-,-,-,-,-,-,-,-,-,-,-,-,-,-,-,-,-,-,-,-,-,-,-,-,-,-,-,-,-,-,-,-,-,-,-,-,-,-,-,-,-,-,-,-,-,-,-,-,-,-,-,-,-,-,-,-,-,-
opsd_todpa,-,-,-,-,-,-,-,-,-,-,-,-,-,-,-,-,-,-,-,-,-,-,-,-,-,-,-,-,-,-,-,-,-,-,-,-,-,-,-,-,-,-,-,-,-,-,-,-,-,-,-,-,-,-,-,-,-,-,-,-,-,-,-,-,-,-,-,-,-,-,-,-,-,-,-,-,-,-,-,-,-,M,G,R,D,L,R,D,N,E,T,W,W,Y,N,P,S,I,V,V,H,P,H,W,R,E,F,D,Q,V,P,-,-,-,-,-,-,-,D,A,V,Y,Y,S,L,G,I,F,I,G,I,-,C,G,I,I,G,C,G,G,N,G,I,V,I,Y,L,F,T,K,T,-,-,-,-,-,-,-,K,S,L,Q,-,-,-,-,-,-,T,P,A,N,M,F,I,I,N,L,A,F,S,D,F,T,F,S,L,-,V,N,G,F,P,L,M,T,I,S,C,F,L,K,-,-,-,-,-,K,W,-,I,F,-,-,-,-,-,G,F,A,A,C,K,V,Y,G,F,I,G,G,I,F,G,F,M,S,I,M,T,M,A,M,I,S,I,D,R,Y,N,V,I,G,R,-,-,-,P,M,A,A,S,K,K,M,-,-,-,-,-,-,-,S,H,R,R,A,F,I,M,I,I,F,V,W,L,W,S,V,L,W,A,I,G,P,I,F,-,-,-,-,-,-,-,G,W,G,A,Y,T,L,E,G,V,L,C,N,-,-,-,-,-,-,-,-,-,-,C,S,F,-,-,-,-,D,Y,I,S,R,-,-,-,-,D,S,T,T,R,S,N,I,L,-,C,M,F,I,L,G,F,F,G,P,I,L,I,I,F,F,C,Y,F,N,I,V,M,S,V,S,N,H,E,K,E,M,A,A,M,A,K,R,L,-,-,-,-,-,-,-,-,-,-,-,-,-,-,-,-,-,-,-,-,-,-,-,-,-,-,-,-,-,-,-,-,-,-,-,-,-,-,-,-,-,-,-,-,-,-,-,-,-,-,-,-,-,-,-,-,-,-,-,-,-,-,-,-,-,-,-,-,-,-,-,-,-,-,-,-,-,-,-,-,-,-,-,-,-,-,-,-,-,-,-,-,-,-,-,-,-,-,-,-,-,-,-,-,-,-,-,-,-,-,-,-,-,-,-,-,-,-,-,-,-,-,-,-,-,-,-,-,-,-,-,-,-,-,-,-,-,-,-,-,-,-,-,-,-,-,-,-,-,-,-,-,-,-,-,-,-,-,-,-,-,-,-,-,-,-,-,-,-,-,-,-,-,-,-,-,-,-,-,-,-,-,-,-,-,-,-,-,-,-,-,-,-,-,-,-,-,-,-,-,-,-,-,-,-,-,-,N,A,K,E,L,R,K,A,Q,A,G,A,N,A,E,M,R,L,A,K,I,S,I,V,I,V,S,Q,F,L,L,-,S,W,S,P,Y,A,V,V,A,L,L,A,Q,F,G,-,-,-,-,P,L,E,-,-,-,W,V,-,-,-,-,-,-,-,T,P,Y,A,A,Q,L,P,V,M,F,A,K,A,S,A,I,H,N,P,M,I,Y,S,V,S,-,-,-,H,P,K,F,R,E,A,I,S,Q,T,F,-,-,-,-,-,-,-,-,-,-,-,P,W,V,L,T,C,C,Q,F,D,D,K,E,T,E,D,D,K,D,A,E,T,E,I,P,A,G,E,S,S,D,A,A,P,S,A,D,A,A,Q,M,K,E,M,M,A,M,M,Q,K,M,Q,Q,Q,Q,A,A,Y,P,P,Q,G,Y,A,P,P,P,Q,G,Y,P,P,Q,G,Y,P,P,Q,G,Y,P,P,Q,G,Y,P,P,Q,G,Y,P,P,P,P,Q,G,A,P,P,Q,G,A,P,P,A,A,P,P,Q,G,V,D,N,Q,A,Y,Q,A,-,-,-,-,-,-,-
q80km9_hcmv,-,-,-,-,-,-,-,-,-,-,-,-,-,-,-,-,-,-,-,-,-,-,-,-,-,-,-,-,-,-,-,-,-,-,-,-,-,-,-,-,-,-,-,-,-,-,-,-,-,-,-,-,-,-,-,-,-,-,-,-,-,-,-,-,-,-,-,-,-,-,-,-,-,-,-,-,-,-,-,-,-,-,-,-,-,-,-,M,T,P,T,T,T,T,A,E,L,T,T,E,F,D,Y,D,E,D,A,T,P,C,V,-,-,F,T,D,V,L,N,Q,S,K,P,V,T,L,F,L,Y,G,V,-,V,F,L,F,G,S,I,G,N,F,L,V,I,F,T,I,T,W,R,-,-,-,-,-,-,-,R,R,I,Q,-,-,-,-,-,-,C,S,G,D,V,Y,F,I,N,L,A,A,A,D,L,L,F,V,C,-,T,L,P,-,L,W,M,Q,Y,L,L,D,-,-,H,N,-,-,-,-,-,-,-,-,S,L,-,-,-,A,S,V,P,C,T,L,L,T,A,C,F,Y,V,A,M,F,A,S,L,C,F,I,T,E,I,A,L,D,R,Y,Y,A,I,V,-,Y,M,R,-,-,-,-,-,-,-,-,-,-,Y,R,-,-,-,P,V,K,Q,A,C,L,F,S,I,F,W,W,I,F,A,V,I,I,A,-,I,P,H,F,M,-,-,-,-,-,-,V,V,T,K,K,D,N,Q,-,-,-,-,-,-,-,-,-,-,-,-,-,-,-,C,M,T,-,-,D,Y,D,Y,L,E,V,-,-,-,-,-,S,Y,P,I,I,L,N,V,-,E,L,M,L,G,A,F,V,I,P,L,S,V,I,S,Y,C,Y,Y,R,I,S,R,I,V,A,V,S,-,-,-,-,-,-,-,-,-,Q,S,-,-,-,-,-,-,-,-,-,-,-,-,-,-,-,-,-,-,-,-,-,-,-,-,-,-,-,-,-,-,-,-,-,-,-,-,-,-,-,-,-,-,-,-,-,-,-,-,-,-,-,-,-,-,-,-,-,-,-,-,-,-,-,-,-,-,-,-,-,-,-,-,-,-,-,-,-,-,-,-,-,-,-,-,-,-,-,-,-,-,-,-,-,-,-,-,-,-,-,-,-,-,-,-,-,-,-,-,-,-,-,-,-,-,-,-,-,-,-,-,-,-,-,-,-,-,-,-,-,-,-,-,-,-,-,-,-,-,-,-,-,-,-,-,-,-,-,-,-,-,-,-,-,-,-,-,-,-,-,-,-,-,-,-,-,-,-,-,-,-,-,-,-,-,-,-,-,-,-,-,-,-,-,-,-,-,-,-,-,-,-,-,-,-,-,-,-,-,-,-,-,-,-,-,-,-,-,-,R,-,-,-,-,-,-,-,-,-,-,-,H,K,G,R,I,V,R,V,L,I,A,V,V,L,V,F,I,I,-,F,W,L,P,Y,H,L,T,L,F,V,D,T,L,K,L,L,K,-,W,I,-,-,-,-,S,S,S,C,E,F,E,R,S,L,K,R,A,L,I,L,T,E,S,L,A,F,C,H,C,C,L,N,P,L,L,Y,V,F,V,-,-,-,G,T,K,F,R,Q,E,L,H,C,L,L,A,E,F,R,-,-,-,-,-,-,-,Q,R,L,F,S,R,D,V,S,W,Y,H,S,M,S,F,S,R,R,G,S,P,S,R,R,E,T,S,S,D,T,L,S,D,E,V,C,R,V,S,Q,I,I,P,-,-,-,-,-,-,-,-,-,-,-,-,-,-,-,-,-,-,-,-,-,-,-,-,-,-,-,-,-,-,-,-,-,-,-,-,-,-,-,-,-,-,-,-,-,-,-,-,-,-,-,-,-,-,-,-,-,-,-,-,-,-,-,-,-,-,-,-,-,-,-,-,-,-,-,-,-,-,-,-,-
us28_hcmva,-,-,-,-,-,-,-,-,-,-,-,-,-,-,-,-,-,-,-,-,-,-,-,-,-,-,-,-,-,-,-,-,-,-,-,-,-,-,-,-,-,-,-,-,-,-,-,-,-,-,-,-,-,-,-,-,-,-,-,-,-,-,-,-,-,-,-,-,-,-,-,-,-,-,-,-,-,-,-,-,-,-,-,-,-,-,-,M,T,P,T,T,T,T,A,E,L,T,T,E,F,D,Y,D,E,D,A,T,P,C,V,-,-,F,T,D,V,L,N,Q,S,K,P,V,T,L,F,L,Y,G,V,-,V,F,L,F,G,S,I,G,N,F,L,V,I,F,T,I,T,W,R,-,-,-,-,-,-,-,R,R,I,Q,-,-,-,-,-,-,C,S,G,D,V,Y,F,I,N,L,A,A,A,D,L,L,F,V,C,-,T,L,P,-,L,W,M,Q,Y,L,L,D,-,-,H,N,-,-,-,-,-,-,-,-,S,L,-,-,-,A,S,V,P,C,T,L,L,T,A,C,F,Y,V,A,M,F,A,S,L,C,F,I,T,E,I,A,L,D,R,Y,Y,A,I,V,-,Y,M,R,-,-,-,-,-,-,-,-,-,-,Y,R,-,-,-,P,V,K,Q,A,C,L,F,S,I,F,W,W,I,F,A,V,I,I,A,-,I,P,H,F,M,-,-,-,-,-,-,V,V,T,K,K,D,N,Q,-,-,-,-,-,-,-,-,-,-,-,-,-,-,-,C,M,T,-,-,D,Y,D,Y,L,E,V,-,-,-,-,-,S,Y,P,I,I,L,N,V,-,E,L,M,L,G,A,F,V,I,P,L,S,V,I,S,Y,C,Y,Y,R,I,S,R,I,V,A,V,S,-,-,-,-,-,-,-,-,-,Q,S,-,-,-,-,-,-,-,-,-,-,-,-,-,-,-,-,-,-,-,-,-,-,-,-,-,-,-,-,-,-,-,-,-,-,-,-,-,-,-,-,-,-,-,-,-,-,-,-,-,-,-,-,-,-,-,-,-,-,-,-,-,-,-,-,-,-,-,-,-,-,-,-,-,-,-,-,-,-,-,-,-,-,-,-,-,-,-,-,-,-,-,-,-,-,-,-,-,-,-,-,-,-,-,-,-,-,-,-,-,-,-,-,-,-,-,-,-,-,-,-,-,-,-,-,-,-,-,-,-,-,-,-,-,-,-,-,-,-,-,-,-,-,-,-,-,-,-,-,-,-,-,-,-,-,-,-,-,-,-,-,-,-,-,-,-,-,-,-,-,-,-,-,-,-,-,-,-,-,-,-,-,-,-,-,-,-,-,-,-,-,-,-,-,-,-,-,-,-,-,-,-,-,-,-,-,-,-,-,R,-,-,-,-,-,-,-,-,-,-,-,H,K,G,R,I,V,R,V,L,I,A,V,V,L,V,F,I,I,-,F,W,L,P,Y,H,L,T,L,F,V,D,T,L,K,L,L,K,-,W,I,-,-,-,-,S,S,S,C,E,F,E,R,S,L,K,R,A,L,I,L,T,E,S,L,A,F,C,H,C,C,L,N,P,L,L,Y,V,F,V,-,-,-,G,T,K,F,R,Q,E,L,H,C,L,L,A,E,F,R,-,-,-,-,-,-,-,Q,R,L,F,S,R,D,V,S,W,Y,H,S,M,S,F,S,R,R,S,S,P,S,R,R,E,T,S,S,D,T,L,S,D,E,V,C,R,V,S,Q,I,I,P,-,-,-,-,-,-,-,-,-,-,-,-,-,-,-,-,-,-,-,-,-,-,-,-,-,-,-,-,-,-,-,-,-,-,-,-,-,-,-,-,-,-,-,-,-,-,-,-,-,-,-,-,-,-,-,-,-,-,-,-,-,-,-,-,-,-,-,-,-,-,-,-,-,-,-,-,-,-,-,-,-
